Project ID,Square_Feet,Timeline (Days),No of Floors,No of Windows,No of Doors,Carpenters,Barbenders,Masons,Painters,Plumbers,Tillers,Electricians,Mechanics,Welders,Machine Operators,Riggers,Drivers
PID - NO -CP - 1,21171,832,7,33,15,23,15,18,13,10,9,13,7,9,10,7,15
PID - NO -CP - 2,6137,308,4,26,20,7,5,5,4,3,2,4,2,2,3,2,5
PID - NO -CP - 3,10222,1339,8,8,14,18,12,14,10,8,7,10,6,7,8,6,12
PID - NO -CP - 4,14030,705,5,24,6,16,10,12,9,7,6,9,5,6,7,5,10
PID - NO -CP - 5,24036,742,7,36,4,24,16,19,13,11,9,13,8,9,11,8,16
PID - NO -CP - 6,16510,710,10,40,8,35,23,27,19,15,13,19,11,13,15,11,23
PID - NO -CP - 7,13885,514,3,8,17,14,9,11,7,6,5,7,4,5,6,4,9
PID - NO -CP - 8,8041,1140,7,31,9,8,5,6,4,3,3,4,2,3,3,2,5
PID - NO -CP - 9,18728,1259,8,21,1,23,15,18,13,10,9,13,7,9,10,7,15
PID - NO -CP - 10,17623,360,5,16,20,22,14,17,12,9,8,12,7,8,9,7,14
PID - NO -CP - 11,12441,332,4,26,14,11,7,8,6,5,4,6,3,4,5,3,7
PID - NO -CP - 12,8916,863,8,21,11,16,10,12,9,7,6,9,5,6,7,5,10
PID - NO -CP - 13,23601,832,8,14,3,30,20,23,16,13,11,16,10,11,13,10,20
PID - NO -CP - 14,7055,947,3,5,9,4,3,3,2,2,1,2,1,1,2,1,3
PID - NO -CP - 15,24804,1438,6,26,14,33,22,25,18,14,12,18,11,12,14,11,22
PID - NO -CP - 16,11052,759,5,30,9,10,6,7,5,4,3,5,3,3,4,3,6
PID - NO -CP - 17,13416,1415,2,22,4,11,7,9,6,5,4,6,3,4,5,3,7
PID - NO -CP - 18,14360,758,8,18,4,14,9,11,7,6,5,7,4,5,6,4,9
PID - NO -CP - 19,9429,933,6,33,8,11,7,9,6,5,4,6,3,4,5,3,7
PID - NO -CP - 20,17249,507,2,16,2,18,12,14,10,8,7,10,6,7,8,6,12
PID - NO -CP - 21,9123,1025,5,40,9,11,7,8,6,5,4,6,3,4,5,3,7
PID - NO -CP - 22,14785,1207,1,39,14,19,13,15,10,8,7,10,6,7,8,6,13
PID - NO -CP - 23,21013,993,10,16,9,31,21,24,17,14,12,17,10,12,14,10,21
PID - NO -CP - 24,11565,1408,6,11,16,10,7,8,6,4,4,6,3,4,4,3,7
PID - NO -CP - 25,11086,1352,9,33,17,23,15,17,12,10,8,12,7,8,10,7,15
PID - NO -CP - 26,21835,599,1,15,16,15,10,12,8,6,6,8,5,6,6,5,10
PID - NO -CP - 27,10593,1428,10,37,12,17,11,13,9,7,6,9,5,6,7,5,11
PID - NO -CP - 28,20912,310,3,10,3,24,16,18,13,10,9,13,8,9,10,8,16
PID - NO -CP - 29,9904,1011,7,19,11,16,11,13,9,7,6,9,5,6,7,5,11
PID - NO -CP - 30,14048,1057,4,36,14,17,11,13,9,7,6,9,5,6,7,5,11
PID - NO -CP - 31,17281,377,9,15,18,26,17,20,14,11,10,14,8,10,11,8,17
PID - NO -CP - 32,17770,1136,3,27,5,17,11,13,9,7,6,9,5,6,7,5,11
PID - NO -CP - 33,20910,916,5,30,16,35,23,27,19,15,13,19,11,13,15,11,23
PID - NO -CP - 34,8229,1255,3,38,20,13,8,10,7,5,5,7,4,5,5,4,8
PID - NO -CP - 35,14430,663,7,50,5,20,13,16,11,9,8,11,6,8,9,6,13
PID - NO -CP - 36,6567,1102,5,38,3,10,6,7,5,4,3,5,3,3,4,3,6
PID - NO -CP - 37,11785,1084,9,33,12,18,12,14,10,8,7,10,6,7,8,6,12
PID - NO -CP - 38,14833,976,7,8,1,13,8,10,7,5,5,7,4,5,5,4,8
PID - NO -CP - 39,11120,706,2,21,9,7,5,6,4,3,3,4,2,3,3,2,5
PID - NO -CP - 40,9024,818,4,39,9,13,9,10,7,6,5,7,4,5,6,4,9
PID - NO -CP - 41,9651,1210,9,17,4,13,8,10,7,5,5,7,4,5,5,4,8
PID - NO -CP - 42,9160,1328,2,45,3,11,7,9,6,5,4,6,3,4,5,3,7
PID - NO -CP - 43,12214,306,10,43,17,16,10,12,9,7,6,9,5,6,7,5,10
PID - NO -CP - 44,22817,488,9,19,2,31,20,24,17,13,12,17,10,12,13,10,20
PID - NO -CP - 45,19418,872,10,33,1,38,25,29,21,16,14,21,12,14,16,12,25
PID - NO -CP - 46,8564,1320,5,33,8,10,6,7,5,4,3,5,3,3,4,3,6
PID - NO -CP - 47,23246,882,2,15,13,17,11,13,9,7,6,9,5,6,7,5,11
PID - NO -CP - 48,12453,1170,4,36,15,15,10,12,8,6,6,8,5,6,6,5,10
PID - NO -CP - 49,23138,1402,7,6,8,27,18,21,15,12,10,15,9,10,12,9,18
PID - NO -CP - 50,14126,307,8,18,12,15,10,11,8,6,5,8,5,5,6,5,10
PID - NO -CP - 51,15065,1301,3,24,12,20,13,16,11,9,8,11,6,8,9,6,13
PID - NO -CP - 52,17818,1051,1,26,14,17,11,13,9,7,6,9,5,6,7,5,11
PID - NO -CP - 53,15464,998,4,15,15,13,8,10,7,5,5,7,4,5,5,4,8
PID - NO -CP - 54,17852,214,2,31,15,14,9,11,8,6,5,8,4,5,6,4,9
PID - NO -CP - 55,12306,1118,8,7,9,12,8,9,6,5,4,6,4,4,5,4,8
PID - NO -CP - 56,8515,279,4,21,19,7,5,6,4,3,3,4,2,3,3,2,5
PID - NO -CP - 57,18389,616,2,48,20,22,14,17,12,9,8,12,7,8,9,7,14
PID - NO -CP - 58,9974,979,6,32,8,12,8,9,6,5,4,6,4,4,5,4,8
PID - NO -CP - 59,17324,533,6,33,19,18,12,14,10,8,7,10,6,7,8,6,12
PID - NO -CP - 60,6145,720,10,25,6,11,7,9,6,5,4,6,3,4,5,3,7
PID - NO -CP - 61,17824,302,4,20,20,16,11,12,9,7,6,9,5,6,7,5,11
PID - NO -CP - 62,22975,796,6,41,19,33,22,26,18,15,13,18,11,13,15,11,22
PID - NO -CP - 63,6109,814,2,24,4,7,4,5,4,3,2,4,2,2,3,2,4
PID - NO -CP - 64,22176,414,10,10,7,24,16,19,13,10,9,13,8,9,10,8,16
PID - NO -CP - 65,11629,1053,2,23,4,13,9,10,7,6,5,7,4,5,6,4,9
PID - NO -CP - 66,24501,285,10,9,12,36,24,28,20,16,14,20,12,14,16,12,24
PID - NO -CP - 67,16926,1477,4,7,13,23,15,18,13,10,9,13,7,9,10,7,15
PID - NO -CP - 68,6414,1247,8,5,3,7,5,6,4,3,3,4,2,3,3,2,5
PID - NO -CP - 69,20071,947,7,42,12,22,15,17,12,10,8,12,7,8,10,7,15
PID - NO -CP - 70,21396,885,9,19,2,38,25,29,21,16,14,21,12,14,16,12,25
PID - NO -CP - 71,15639,375,8,38,2,21,14,17,12,9,8,12,7,8,9,7,14
PID - NO -CP - 72,22872,880,5,39,9,29,19,22,16,12,11,16,9,11,12,9,19
PID - NO -CP - 73,8774,304,2,29,1,5,3,4,3,2,2,3,1,2,2,1,3
PID - NO -CP - 74,15851,1285,5,28,8,24,16,19,13,10,9,13,8,9,10,8,16
PID - NO -CP - 75,11123,246,8,16,6,14,9,11,8,6,5,8,4,5,6,4,9
PID - NO -CP - 76,16458,804,10,22,6,32,21,25,18,14,12,18,10,12,14,10,21
PID - NO -CP - 77,22045,679,9,19,18,26,17,20,14,11,10,14,8,10,11,8,17
PID - NO -CP - 78,16487,1272,9,48,17,36,24,28,20,16,14,20,12,14,16,12,24
PID - NO -CP - 79,20794,1069,1,20,12,14,9,11,7,6,5,7,4,5,6,4,9
PID - NO -CP - 80,11382,1041,9,31,6,16,11,13,9,7,6,9,5,6,7,5,11
PID - NO -CP - 81,11074,1437,7,12,8,17,11,13,9,7,6,9,5,6,7,5,11
PID - NO -CP - 82,24421,1471,9,50,19,42,28,33,23,19,16,23,14,16,19,14,28
PID - NO -CP - 83,23088,316,8,29,10,33,22,25,18,14,12,18,11,12,14,11,22
PID - NO -CP - 84,20000,1213,1,21,1,15,10,12,8,7,6,8,5,6,7,5,10
PID - NO -CP - 85,14208,768,8,33,13,16,10,12,9,7,6,9,5,6,7,5,10
PID - NO -CP - 86,9866,961,8,12,17,18,12,14,10,8,7,10,6,7,8,6,12
PID - NO -CP - 87,23773,1464,3,19,3,17,11,13,9,7,6,9,5,6,7,5,11
PID - NO -CP - 88,15135,698,1,31,8,10,7,8,5,4,4,5,3,4,4,3,7
PID - NO -CP - 89,19597,593,8,50,14,23,15,18,13,10,9,13,7,9,10,7,15
PID - NO -CP - 90,19623,769,3,11,3,17,11,13,9,7,6,9,5,6,7,5,11
PID - NO -CP - 91,24535,1210,3,7,16,25,16,19,13,11,9,13,8,9,11,8,16
PID - NO -CP - 92,10982,686,1,33,13,14,9,10,7,6,5,7,4,5,6,4,9
PID - NO -CP - 93,15535,1062,5,48,20,17,11,13,9,7,6,9,5,6,7,5,11
PID - NO -CP - 94,24543,304,10,28,17,53,35,41,29,23,20,29,17,20,23,17,35
PID - NO -CP - 95,8827,430,7,7,13,14,9,11,8,6,5,8,4,5,6,4,9
PID - NO -CP - 96,18284,426,10,24,6,21,14,16,11,9,8,11,7,8,9,7,14
PID - NO -CP - 97,20861,244,9,50,17,47,31,36,26,20,18,26,15,18,20,15,31
PID - NO -CP - 98,17618,493,7,19,14,18,12,14,10,8,7,10,6,7,8,6,12
PID - NO -CP - 99,9304,194,9,29,17,19,12,14,10,8,7,10,6,7,8,6,12
PID - NO -CP - 100,20878,267,8,34,8,39,26,30,22,17,15,22,13,15,17,13,26
PID - NO -CP - 101,12181,1150,2,18,11,11,7,8,6,5,4,6,3,4,5,3,7
PID - NO -CP - 102,8878,1024,1,11,20,8,5,6,4,3,3,4,2,3,3,2,5
PID - NO -CP - 103,13079,546,7,21,1,15,10,12,8,6,6,8,5,6,6,5,10
PID - NO -CP - 104,12587,1242,7,48,7,18,12,14,10,8,7,10,6,7,8,6,12
PID - NO -CP - 105,12122,971,8,24,17,23,15,18,13,10,9,13,7,9,10,7,15
PID - NO -CP - 106,13116,1138,5,40,10,21,14,16,12,9,8,12,7,8,9,7,14
PID - NO -CP - 107,15603,736,3,13,11,12,8,9,6,5,4,6,4,4,5,4,8
PID - NO -CP - 108,16149,750,8,42,9,31,21,24,17,14,12,17,10,12,14,10,21
PID - NO -CP - 109,24986,1138,6,26,9,41,27,32,23,18,16,23,13,16,18,13,27
PID - NO -CP - 110,18309,1244,3,6,5,12,8,9,6,5,4,6,4,4,5,4,8
PID - NO -CP - 111,14551,515,1,28,17,19,12,14,10,8,7,10,6,7,8,6,12
PID - NO -CP - 112,13515,1000,3,12,9,12,8,9,7,5,4,7,4,4,5,4,8
PID - NO -CP - 113,7398,1119,5,15,17,11,7,8,6,5,4,6,3,4,5,3,7
PID - NO -CP - 114,13451,714,3,17,19,11,7,8,6,5,4,6,3,4,5,3,7
PID - NO -CP - 115,8446,976,1,21,7,5,3,4,3,2,2,3,1,2,2,1,3
PID - NO -CP - 116,19832,1302,5,12,9,28,19,22,16,12,11,16,9,11,12,9,19
PID - NO -CP - 117,16902,897,10,25,7,33,22,26,18,15,13,18,11,13,15,11,22
PID - NO -CP - 118,23358,452,7,22,13,31,21,24,17,14,12,17,10,12,14,10,21
PID - NO -CP - 119,14303,852,7,34,11,25,17,20,14,11,10,14,8,10,11,8,17
PID - NO -CP - 120,18557,1039,9,22,14,36,24,28,20,16,14,20,12,14,16,12,24
PID - NO -CP - 121,15719,1306,10,50,19,21,14,17,12,9,8,12,7,8,9,7,14
PID - NO -CP - 122,12191,1070,10,35,11,25,17,20,14,11,10,14,8,10,11,8,17
PID - NO -CP - 123,23575,1480,3,42,13,27,18,21,15,12,10,15,9,10,12,9,18
PID - NO -CP - 124,17910,850,7,36,14,19,13,15,11,8,7,11,6,7,8,6,13
PID - NO -CP - 125,12256,926,1,15,13,10,7,8,5,4,4,5,3,4,4,3,7
PID - NO -CP - 126,16978,333,4,49,1,25,17,20,14,11,10,14,8,10,11,8,17
PID - NO -CP - 127,18910,943,4,29,8,16,10,12,9,7,6,9,5,6,7,5,10
PID - NO -CP - 128,15596,1068,5,37,12,25,17,20,14,11,10,14,8,10,11,8,17
PID - NO -CP - 129,16115,731,7,42,19,32,21,25,18,14,12,18,10,12,14,10,21
PID - NO -CP - 130,9546,1360,7,45,12,13,9,10,7,6,5,7,4,5,6,4,9
PID - NO -CP - 131,21369,1387,4,12,8,16,11,13,9,7,6,9,5,6,7,5,11
PID - NO -CP - 132,24290,1489,7,15,8,23,15,18,13,10,9,13,7,9,10,7,15
PID - NO -CP - 133,14653,1009,3,26,13,20,13,16,11,9,8,11,6,8,9,6,13
PID - NO -CP - 134,5610,376,6,28,12,9,6,7,5,4,3,5,3,3,4,3,6
PID - NO -CP - 135,23508,966,2,45,16,21,14,16,11,9,8,11,7,8,9,7,14
PID - NO -CP - 136,13098,1458,10,21,1,24,16,18,13,10,9,13,8,9,10,8,16
PID - NO -CP - 137,21879,222,9,16,13,41,27,32,23,18,16,23,13,16,18,13,27
PID - NO -CP - 138,8008,609,5,50,7,10,6,8,5,4,4,5,3,4,4,3,6
PID - NO -CP - 139,10390,264,6,36,5,16,11,13,9,7,6,9,5,6,7,5,11
PID - NO -CP - 140,18454,1426,4,19,8,19,13,15,11,8,7,11,6,7,8,6,13
PID - NO -CP - 141,19713,1379,10,20,14,40,27,31,22,18,15,22,13,15,18,13,27
PID - NO -CP - 142,10839,913,7,26,13,11,7,8,6,5,4,6,3,4,5,3,7
PID - NO -CP - 143,9176,230,9,32,15,18,12,14,10,8,7,10,6,7,8,6,12
PID - NO -CP - 144,24502,415,7,24,17,45,30,35,25,20,17,25,15,17,20,15,30
PID - NO -CP - 145,18565,812,1,37,15,14,9,11,8,6,5,8,4,5,6,4,9
PID - NO -CP - 146,14413,1071,1,14,20,10,7,8,5,4,4,5,3,4,4,3,7
PID - NO -CP - 147,7900,1035,9,44,18,12,8,10,7,5,5,7,4,5,5,4,8
PID - NO -CP - 148,8054,1188,9,36,18,10,6,7,5,4,3,5,3,3,4,3,6
PID - NO -CP - 149,16179,572,4,37,2,13,9,10,7,6,5,7,4,5,6,4,9
PID - NO -CP - 150,23692,620,9,6,4,40,27,31,22,18,15,22,13,15,18,13,27
PID - NO -CP - 151,7668,1416,3,37,1,10,6,7,5,4,3,5,3,3,4,3,6
PID - NO -CP - 152,15685,999,7,37,4,16,10,12,9,7,6,9,5,6,7,5,10
PID - NO -CP - 153,15331,1065,6,45,18,17,11,13,9,7,6,9,5,6,7,5,11
PID - NO -CP - 154,12681,895,8,17,5,21,14,16,11,9,8,11,7,8,9,7,14
PID - NO -CP - 155,6946,1251,9,34,19,11,7,8,6,4,4,6,3,4,4,3,7
PID - NO -CP - 156,9660,843,5,37,15,9,6,7,5,4,3,5,3,3,4,3,6
PID - NO -CP - 157,7563,933,1,17,8,6,4,4,3,2,2,3,2,2,2,2,4
PID - NO -CP - 158,22031,1034,3,30,20,26,17,20,14,11,10,14,8,10,11,8,17
PID - NO -CP - 159,18589,1461,10,26,17,39,26,31,22,17,15,22,13,15,17,13,26
PID - NO -CP - 160,18187,1070,8,43,1,25,17,20,14,11,10,14,8,10,11,8,17
PID - NO -CP - 161,22766,1314,6,6,12,35,23,27,19,15,13,19,11,13,15,11,23
PID - NO -CP - 162,14767,1315,8,42,19,18,12,14,10,8,7,10,6,7,8,6,12
PID - NO -CP - 163,19332,1454,9,43,15,24,16,19,13,10,9,13,8,9,10,8,16
PID - NO -CP - 164,17566,604,4,30,9,19,13,15,11,8,7,11,6,7,8,6,13
PID - NO -CP - 165,14158,700,1,50,7,14,9,11,8,6,5,8,4,5,6,4,9
PID - NO -CP - 166,6391,1234,1,19,2,3,2,2,2,1,1,2,1,1,1,1,2
PID - NO -CP - 167,10069,1169,10,38,9,21,14,16,11,9,8,11,7,8,9,7,14
PID - NO -CP - 168,14279,723,4,46,10,17,11,13,9,7,6,9,5,6,7,5,11
PID - NO -CP - 169,6357,1112,7,48,2,8,5,6,4,3,3,4,2,3,3,2,5
PID - NO -CP - 170,14476,1207,2,44,19,17,11,13,9,7,6,9,5,6,7,5,11
PID - NO -CP - 171,9820,1384,3,15,11,9,6,7,5,4,3,5,3,3,4,3,6
PID - NO -CP - 172,12637,1323,1,7,13,8,5,6,4,3,3,4,2,3,3,2,5
PID - NO -CP - 173,7548,1069,5,10,10,6,4,4,3,2,2,3,2,2,2,2,4
PID - NO -CP - 174,12091,959,1,13,14,8,5,6,4,3,3,4,2,3,3,2,5
PID - NO -CP - 175,7881,518,8,10,18,8,5,6,4,3,3,4,2,3,3,2,5
PID - NO -CP - 176,17425,1135,1,13,19,12,8,9,7,5,4,7,4,4,5,4,8
PID - NO -CP - 177,5938,1279,1,43,9,5,3,4,3,2,2,3,1,2,2,1,3
PID - NO -CP - 178,20587,715,2,35,7,15,10,12,8,7,6,8,5,6,7,5,10
PID - NO -CP - 179,22468,600,2,36,3,21,14,16,12,9,8,12,7,8,9,7,14
PID - NO -CP - 180,11179,1485,6,45,20,21,14,16,11,9,8,11,7,8,9,7,14
PID - NO -CP - 181,8282,786,7,16,6,7,5,6,4,3,3,4,2,3,3,2,5
PID - NO -CP - 182,8609,330,5,12,2,8,5,6,4,3,3,4,2,3,3,2,5
PID - NO -CP - 183,20162,1135,1,12,6,20,13,16,11,9,8,11,6,8,9,6,13
PID - NO -CP - 184,11828,1452,1,32,3,7,5,6,4,3,3,4,2,3,3,2,5
PID - NO -CP - 185,22359,894,3,24,16,32,21,25,18,14,12,18,10,12,14,10,21
PID - NO -CP - 186,10622,1018,2,11,8,12,8,9,6,5,4,6,4,4,5,4,8
PID - NO -CP - 187,18835,604,5,15,2,26,17,20,14,11,10,14,8,10,11,8,17
PID - NO -CP - 188,11597,780,10,24,17,24,16,18,13,10,9,13,8,9,10,8,16
PID - NO -CP - 189,9921,433,6,20,9,9,6,7,5,4,3,5,3,3,4,3,6
PID - NO -CP - 190,7750,1005,7,8,12,12,8,9,7,5,4,7,4,4,5,4,8
PID - NO -CP - 191,6705,603,4,10,3,8,5,6,4,3,3,4,2,3,3,2,5
PID - NO -CP - 192,13332,958,7,26,11,13,9,10,7,6,5,7,4,5,6,4,9
PID - NO -CP - 193,6851,1427,8,30,1,7,4,5,3,3,2,3,2,2,3,2,4
PID - NO -CP - 194,16412,1326,1,7,13,10,7,8,5,4,4,5,3,4,4,3,7
PID - NO -CP - 195,5861,1125,6,45,15,6,4,4,3,2,2,3,2,2,2,2,4
PID - NO -CP - 196,19294,750,8,46,5,21,14,17,12,9,8,12,7,8,9,7,14
PID - NO -CP - 197,5067,673,5,18,17,7,5,6,4,3,3,4,2,3,3,2,5
PID - NO -CP - 198,17082,1221,4,15,6,17,11,13,9,7,6,9,5,6,7,5,11
PID - NO -CP - 199,24015,1371,2,22,11,23,15,18,13,10,9,13,7,9,10,7,15
PID - NO -CP - 200,8503,1042,6,16,18,8,5,6,4,3,3,4,2,3,3,2,5
PID - NO -CP - 201,23870,950,6,27,4,28,19,22,16,12,11,16,9,11,12,9,19
PID - NO -CP - 202,23046,1082,1,16,3,13,9,10,7,6,5,7,4,5,6,4,9
PID - NO -CP - 203,15675,514,9,17,13,17,11,13,9,7,6,9,5,6,7,5,11
PID - NO -CP - 204,5687,1113,6,29,9,7,4,5,4,3,2,4,2,2,3,2,4
PID - NO -CP - 205,20259,489,3,49,6,23,15,18,12,10,9,12,7,9,10,7,15
PID - NO -CP - 206,7721,826,4,23,12,11,7,8,6,5,4,6,3,4,5,3,7
PID - NO -CP - 207,14247,340,4,50,2,21,14,16,12,9,8,12,7,8,9,7,14
PID - NO -CP - 208,8566,350,3,40,3,11,7,9,6,5,4,6,3,4,5,3,7
PID - NO -CP - 209,10461,694,10,49,3,22,14,17,12,9,8,12,7,8,9,7,14
PID - NO -CP - 210,21453,1173,3,12,12,28,18,21,15,12,10,15,9,10,12,9,18
PID - NO -CP - 211,19098,614,3,33,15,28,19,22,16,12,11,16,9,11,12,9,19
PID - NO -CP - 212,15608,1069,4,36,9,18,12,14,10,8,7,10,6,7,8,6,12
PID - NO -CP - 213,19257,1440,7,48,8,21,14,16,12,9,8,12,7,8,9,7,14
PID - NO -CP - 214,19020,913,4,22,11,27,18,21,15,12,10,15,9,10,12,9,18
PID - NO -CP - 215,5925,1406,9,10,16,10,7,8,6,4,4,6,3,4,4,3,7
PID - NO -CP - 216,11257,425,1,22,4,9,6,7,5,4,3,5,3,3,4,3,6
PID - NO -CP - 217,21656,233,8,23,1,37,24,28,20,16,14,20,12,14,16,12,24
PID - NO -CP - 218,10294,1042,7,26,7,13,8,10,7,5,5,7,4,5,5,4,8
PID - NO -CP - 219,9526,987,2,41,2,7,4,5,3,3,2,3,2,2,3,2,4
PID - NO -CP - 220,5830,945,8,36,5,7,5,6,4,3,3,4,2,3,3,2,5
PID - NO -CP - 221,16532,1094,1,45,7,12,8,9,7,5,4,7,4,4,5,4,8
PID - NO -CP - 222,19849,185,9,7,4,34,22,26,18,15,13,18,11,13,15,11,22
PID - NO -CP - 223,14334,404,9,32,5,20,13,16,11,9,8,11,6,8,9,6,13
PID - NO -CP - 224,11384,987,2,14,1,9,6,7,5,4,3,5,3,3,4,3,6
PID - NO -CP - 225,11601,1423,7,39,1,15,10,12,8,6,6,8,5,6,6,5,10
PID - NO -CP - 226,14994,375,10,33,15,32,21,25,18,14,12,18,10,12,14,10,21
PID - NO -CP - 227,15932,1460,3,19,20,13,9,10,7,6,5,7,4,5,6,4,9
PID - NO -CP - 228,5581,474,7,37,19,10,6,8,5,4,4,5,3,4,4,3,6
PID - NO -CP - 229,10025,1244,10,11,10,11,7,8,6,5,4,6,3,4,5,3,7
PID - NO -CP - 230,22717,518,9,16,18,26,17,20,14,11,10,14,8,10,11,8,17
PID - NO -CP - 231,24326,1396,4,34,3,26,17,20,14,11,10,14,8,10,11,8,17
PID - NO -CP - 232,17267,581,1,25,11,16,10,12,8,7,6,8,5,6,7,5,10
PID - NO -CP - 233,15949,740,2,35,15,22,15,17,12,10,8,12,7,8,10,7,15
PID - NO -CP - 234,11995,296,1,28,11,14,9,11,8,6,5,8,4,5,6,4,9
PID - NO -CP - 235,9003,1030,5,24,17,14,9,11,8,6,5,8,4,5,6,4,9
PID - NO -CP - 236,9968,1203,5,41,17,10,6,7,5,4,3,5,3,3,4,3,6
PID - NO -CP - 237,16519,1255,7,8,6,19,13,15,11,8,7,11,6,7,8,6,13
PID - NO -CP - 238,10756,431,9,32,5,15,10,12,8,6,6,8,5,6,6,5,10
PID - NO -CP - 239,19037,720,9,48,8,39,26,30,22,17,15,22,13,15,17,13,26
PID - NO -CP - 240,8880,1406,3,24,2,6,4,5,3,2,2,3,2,2,2,2,4
PID - NO -CP - 241,21110,1305,3,28,16,18,12,14,10,8,7,10,6,7,8,6,12
PID - NO -CP - 242,10068,1124,3,36,20,9,6,7,5,4,3,5,3,3,4,3,6
PID - NO -CP - 243,11931,869,4,45,12,11,7,8,6,5,4,6,3,4,5,3,7
PID - NO -CP - 244,13544,936,8,40,6,14,9,11,8,6,5,8,4,5,6,4,9
PID - NO -CP - 245,16105,647,6,38,1,19,13,15,11,8,7,11,6,7,8,6,13
PID - NO -CP - 246,5734,674,8,40,4,10,7,8,5,4,4,5,3,4,4,3,7
PID - NO -CP - 247,8423,921,1,6,17,5,3,4,3,2,2,3,1,2,2,1,3
PID - NO -CP - 248,7393,523,8,19,13,7,5,6,4,3,3,4,2,3,3,2,5
PID - NO -CP - 249,6199,352,4,38,18,10,6,7,5,4,3,5,3,3,4,3,6
PID - NO -CP - 250,8650,581,1,40,5,6,4,4,3,2,2,3,2,2,2,2,4
PID - NO -CP - 251,10962,771,8,10,3,10,6,8,5,4,4,5,3,4,4,3,6
PID - NO -CP - 252,16025,1099,4,43,11,19,13,15,11,8,7,11,6,7,8,6,13
PID - NO -CP - 253,18864,208,6,46,13,35,23,27,19,15,13,19,11,13,15,11,23
PID - NO -CP - 254,7080,1089,8,16,4,8,5,6,4,3,3,4,2,3,3,2,5
PID - NO -CP - 255,10254,1109,4,7,14,14,9,10,7,6,5,7,4,5,6,4,9
PID - NO -CP - 256,15345,647,3,49,11,18,12,14,10,8,7,10,6,7,8,6,12
PID - NO -CP - 257,6343,594,9,22,10,6,4,5,3,3,2,3,2,2,3,2,4
PID - NO -CP - 258,18817,289,3,44,19,24,16,18,13,10,9,13,8,9,10,8,16
PID - NO -CP - 259,15713,1421,9,25,18,32,21,25,18,14,12,18,10,12,14,10,21
PID - NO -CP - 260,5183,439,2,19,6,4,2,3,2,1,1,2,1,1,1,1,2
PID - NO -CP - 261,6224,966,2,37,15,6,4,5,3,2,2,3,2,2,2,2,4
PID - NO -CP - 262,18208,523,2,39,10,14,9,11,8,6,5,8,4,5,6,4,9
PID - NO -CP - 263,23534,1204,6,30,5,29,19,22,16,12,11,16,9,11,12,9,19
PID - NO -CP - 264,20516,1009,3,12,5,14,9,11,8,6,5,8,4,5,6,4,9
PID - NO -CP - 265,6750,914,9,40,10,10,6,7,5,4,3,5,3,3,4,3,6
PID - NO -CP - 266,18982,1029,4,34,5,27,18,21,15,12,10,15,9,10,12,9,18
PID - NO -CP - 267,15481,431,1,27,3,9,6,7,5,4,3,5,3,3,4,3,6
PID - NO -CP - 268,14907,509,4,46,6,23,15,18,13,10,9,13,7,9,10,7,15
PID - NO -CP - 269,9181,469,1,48,4,8,5,6,4,3,3,4,2,3,3,2,5
PID - NO -CP - 270,22910,1372,5,18,18,28,19,22,16,12,11,16,9,11,12,9,19
PID - NO -CP - 271,11604,659,4,18,9,9,6,7,5,4,3,5,3,3,4,3,6
PID - NO -CP - 272,5733,940,8,6,17,10,6,7,5,4,3,5,3,3,4,3,6
PID - NO -CP - 273,16570,1267,8,41,13,19,13,15,10,8,7,10,6,7,8,6,13
PID - NO -CP - 274,22633,1293,7,9,15,38,25,30,21,17,15,21,12,15,17,12,25
PID - NO -CP - 275,9776,364,3,42,20,16,10,12,8,7,6,8,5,6,7,5,10
PID - NO -CP - 276,21123,301,1,49,17,30,20,24,17,13,12,17,10,12,13,10,20
PID - NO -CP - 277,18838,1303,1,45,13,15,10,12,8,6,6,8,5,6,6,5,10
PID - NO -CP - 278,6642,1009,3,18,16,9,6,7,5,4,3,5,3,3,4,3,6
PID - NO -CP - 279,18380,1070,6,43,4,30,20,24,17,13,12,17,10,12,13,10,20
PID - NO -CP - 280,11850,1173,7,29,5,11,7,9,6,5,4,6,3,4,5,3,7
PID - NO -CP - 281,19280,189,6,24,5,23,15,18,13,10,9,13,7,9,10,7,15
PID - NO -CP - 282,6528,1497,6,6,9,5,3,4,3,2,2,3,1,2,2,1,3
PID - NO -CP - 283,13051,1389,6,43,17,18,12,14,10,8,7,10,6,7,8,6,12
PID - NO -CP - 284,9131,602,3,10,13,8,5,6,4,3,3,4,2,3,3,2,5
PID - NO -CP - 285,10803,1359,6,21,2,16,10,12,9,7,6,9,5,6,7,5,10
PID - NO -CP - 286,14501,843,8,29,13,28,18,21,15,12,10,15,9,10,12,9,18
PID - NO -CP - 287,16099,1025,2,32,19,23,15,18,13,10,9,13,7,9,10,7,15
PID - NO -CP - 288,8375,803,5,6,3,8,5,6,4,3,3,4,2,3,3,2,5
PID - NO -CP - 289,23298,657,1,39,10,23,15,18,12,10,9,12,7,9,10,7,15
PID - NO -CP - 290,21495,1172,1,41,2,14,9,11,8,6,5,8,4,5,6,4,9
PID - NO -CP - 291,22259,939,5,9,13,25,16,19,14,11,9,14,8,9,11,8,16
PID - NO -CP - 292,19516,1249,3,5,19,20,13,15,11,8,7,11,6,7,8,6,13
PID - NO -CP - 293,15583,740,4,44,17,15,10,12,8,6,6,8,5,6,6,5,10
PID - NO -CP - 294,22113,484,3,16,14,30,20,23,16,13,11,16,10,11,13,10,20
PID - NO -CP - 295,19292,576,1,40,12,19,13,15,11,8,7,11,6,7,8,6,13
PID - NO -CP - 296,17112,1202,1,49,12,13,9,10,7,6,5,7,4,5,6,4,9
PID - NO -CP - 297,11800,281,5,27,11,18,12,14,10,8,7,10,6,7,8,6,12
PID - NO -CP - 298,9461,357,6,35,7,11,7,9,6,5,4,6,3,4,5,3,7
PID - NO -CP - 299,11050,1245,3,15,4,7,5,6,4,3,3,4,2,3,3,2,5
PID - NO -CP - 300,21075,1494,9,14,19,41,27,32,23,18,16,23,13,16,18,13,27
PID - NO -CP - 301,10416,413,5,7,1,10,6,7,5,4,3,5,3,3,4,3,6
PID - NO -CP - 302,16490,326,8,18,3,28,18,21,15,12,10,15,9,10,12,9,18
PID - NO -CP - 303,15239,1113,1,20,13,14,9,10,7,6,5,7,4,5,6,4,9
PID - NO -CP - 304,19071,1163,5,14,15,22,15,17,12,10,8,12,7,8,10,7,15
PID - NO -CP - 305,15204,582,3,33,2,20,13,15,11,8,7,11,6,7,8,6,13
PID - NO -CP - 306,23278,832,1,14,11,19,13,15,11,8,7,11,6,7,8,6,13
PID - NO -CP - 307,12465,455,4,16,4,12,8,9,7,5,4,7,4,4,5,4,8
PID - NO -CP - 308,11791,525,5,34,19,15,10,12,8,7,6,8,5,6,7,5,10
PID - NO -CP - 309,11747,427,7,45,17,13,9,10,7,6,5,7,4,5,6,4,9
PID - NO -CP - 310,24209,905,1,5,3,22,15,17,12,10,8,12,7,8,10,7,15
PID - NO -CP - 311,6299,508,3,9,18,6,4,4,3,2,2,3,2,2,2,2,4
PID - NO -CP - 312,17851,733,2,24,8,16,11,13,9,7,6,9,5,6,7,5,11
PID - NO -CP - 313,10883,828,9,12,19,12,8,9,7,5,4,7,4,4,5,4,8
PID - NO -CP - 314,24719,994,10,47,5,40,26,31,22,17,15,22,13,15,17,13,26
PID - NO -CP - 315,17345,981,6,16,7,26,17,20,14,11,10,14,8,10,11,8,17
PID - NO -CP - 316,17004,912,10,5,8,18,12,14,10,8,7,10,6,7,8,6,12
PID - NO -CP - 317,9041,579,3,24,5,6,4,5,3,2,2,3,2,2,2,2,4
PID - NO -CP - 318,23843,1100,8,32,17,47,31,37,26,21,18,26,15,18,21,15,31
PID - NO -CP - 319,11609,1372,8,47,5,17,11,13,9,7,6,9,5,6,7,5,11
PID - NO -CP - 320,12856,447,2,41,4,9,6,7,5,4,3,5,3,3,4,3,6
PID - NO -CP - 321,23675,729,6,41,19,45,30,35,25,20,17,25,15,17,20,15,30
PID - NO -CP - 322,16067,1015,7,16,2,14,9,11,8,6,5,8,4,5,6,4,9
PID - NO -CP - 323,15676,505,2,41,11,13,8,10,7,5,5,7,4,5,5,4,8
PID - NO -CP - 324,17906,1374,10,48,13,23,15,18,13,10,9,13,7,9,10,7,15
PID - NO -CP - 325,13867,1389,2,32,15,11,7,8,6,5,4,6,3,4,5,3,7
PID - NO -CP - 326,21093,1088,10,19,12,32,21,25,18,14,12,18,10,12,14,10,21
PID - NO -CP - 327,10531,660,1,10,11,6,4,5,3,2,2,3,2,2,2,2,4
PID - NO -CP - 328,20952,1078,8,48,7,24,16,19,13,10,9,13,8,9,10,8,16
PID - NO -CP - 329,22781,488,1,24,5,14,9,11,8,6,5,8,4,5,6,4,9
PID - NO -CP - 330,17320,1215,9,18,17,26,17,20,14,11,10,14,8,10,11,8,17
PID - NO -CP - 331,6561,1363,6,6,20,6,4,4,3,2,2,3,2,2,2,2,4
PID - NO -CP - 332,14657,678,7,13,9,18,12,14,10,8,7,10,6,7,8,6,12
PID - NO -CP - 333,9919,849,10,41,14,12,8,9,7,5,4,7,4,4,5,4,8
PID - NO -CP - 334,12319,1081,7,24,12,12,8,9,7,5,4,7,4,4,5,4,8
PID - NO -CP - 335,11981,1429,10,30,6,18,12,14,10,8,7,10,6,7,8,6,12
PID - NO -CP - 336,14564,700,3,33,17,17,11,13,9,7,6,9,5,6,7,5,11
PID - NO -CP - 337,6145,246,2,5,19,7,5,5,4,3,2,4,2,2,3,2,5
PID - NO -CP - 338,19864,950,9,39,19,33,22,25,18,14,12,18,11,12,14,11,22
PID - NO -CP - 339,22087,1436,8,10,16,40,27,31,22,18,15,22,13,15,18,13,27
PID - NO -CP - 340,19683,1256,10,41,12,33,22,25,18,14,12,18,11,12,14,11,22
PID - NO -CP - 341,7837,987,7,9,12,7,4,5,4,3,2,4,2,2,3,2,4
PID - NO -CP - 342,8426,1167,9,37,20,18,12,14,10,8,7,10,6,7,8,6,12
PID - NO -CP - 343,18415,1178,4,18,6,25,16,19,14,11,9,14,8,9,11,8,16
PID - NO -CP - 344,21805,349,4,16,4,16,11,13,9,7,6,9,5,6,7,5,11
PID - NO -CP - 345,19268,812,1,46,6,25,16,19,13,11,9,13,8,9,11,8,16
PID - NO -CP - 346,15123,1110,8,24,11,21,14,16,11,9,8,11,7,8,9,7,14
PID - NO -CP - 347,20599,1213,3,28,1,19,13,15,11,8,7,11,6,7,8,6,13
PID - NO -CP - 348,11652,586,7,47,15,23,15,18,13,10,9,13,7,9,10,7,15
PID - NO -CP - 349,6193,581,2,38,11,4,3,3,2,2,1,2,1,1,2,1,3
PID - NO -CP - 350,18789,675,2,29,19,15,10,12,8,7,6,8,5,6,7,5,10
PID - NO -CP - 351,17352,388,7,33,18,19,13,15,11,8,7,11,6,7,8,6,13
PID - NO -CP - 352,23158,1472,6,43,17,43,29,34,24,19,17,24,14,17,19,14,29
PID - NO -CP - 353,20691,851,3,35,19,32,21,25,18,14,12,18,10,12,14,10,21
PID - NO -CP - 354,17842,1261,9,47,14,38,25,30,21,17,15,21,12,15,17,12,25
PID - NO -CP - 355,7656,1230,10,27,18,9,6,7,5,4,3,5,3,3,4,3,6
PID - NO -CP - 356,14152,368,6,48,19,16,10,12,9,7,6,9,5,6,7,5,10
PID - NO -CP - 357,17360,1039,10,42,15,39,26,30,21,17,15,21,13,15,17,13,26
PID - NO -CP - 358,7016,900,10,24,15,8,5,6,4,3,3,4,2,3,3,2,5
PID - NO -CP - 359,15179,1038,6,27,4,18,12,14,10,8,7,10,6,7,8,6,12
PID - NO -CP - 360,21037,1010,1,49,7,16,10,12,9,7,6,9,5,6,7,5,10
PID - NO -CP - 361,21776,1091,4,20,13,18,12,14,10,8,7,10,6,7,8,6,12
PID - NO -CP - 362,10432,1287,10,46,3,12,8,10,7,5,5,7,4,5,5,4,8
PID - NO -CP - 363,17189,1083,6,12,16,21,14,16,11,9,8,11,7,8,9,7,14
PID - NO -CP - 364,14405,249,6,25,9,14,9,10,7,6,5,7,4,5,6,4,9
PID - NO -CP - 365,10673,272,5,5,8,8,5,6,4,3,3,4,2,3,3,2,5
PID - NO -CP - 366,7003,391,1,12,20,8,5,6,4,3,3,4,2,3,3,2,5
PID - NO -CP - 367,12587,475,8,33,13,14,9,11,8,6,5,8,4,5,6,4,9
PID - NO -CP - 368,21713,403,5,36,17,29,19,22,16,13,11,16,9,11,13,9,19
PID - NO -CP - 369,19237,681,5,42,17,20,13,15,11,9,7,11,6,7,9,6,13
PID - NO -CP - 370,14003,456,7,9,17,24,16,19,13,10,9,13,8,9,10,8,16
PID - NO -CP - 371,21081,334,4,26,1,16,11,12,9,7,6,9,5,6,7,5,11
PID - NO -CP - 372,20295,442,6,38,8,26,17,20,14,11,10,14,8,10,11,8,17
PID - NO -CP - 373,20579,773,4,5,19,22,15,17,12,10,8,12,7,8,10,7,15
PID - NO -CP - 374,8377,1064,3,30,6,6,4,4,3,2,2,3,2,2,2,2,4
PID - NO -CP - 375,18200,381,7,47,3,19,12,15,10,8,7,10,6,7,8,6,12
PID - NO -CP - 376,16980,351,8,14,5,16,11,13,9,7,6,9,5,6,7,5,11
PID - NO -CP - 377,13384,798,4,34,13,16,10,12,9,7,6,9,5,6,7,5,10
PID - NO -CP - 378,10840,863,2,22,15,8,5,6,4,3,3,4,2,3,3,2,5
PID - NO -CP - 379,23754,1021,10,21,14,28,19,22,16,12,11,16,9,11,12,9,19
PID - NO -CP - 380,15649,847,3,30,16,18,12,14,10,8,7,10,6,7,8,6,12
PID - NO -CP - 381,16781,531,1,12,18,15,10,11,8,6,5,8,5,5,6,5,10
PID - NO -CP - 382,21492,1040,8,44,11,43,28,33,23,19,16,23,14,16,19,14,28
PID - NO -CP - 383,7342,363,3,16,3,6,4,5,3,2,2,3,2,2,2,2,4
PID - NO -CP - 384,19797,812,10,31,10,41,27,32,22,18,16,22,13,16,18,13,27
PID - NO -CP - 385,8428,1263,7,12,10,14,9,10,7,6,5,7,4,5,6,4,9
PID - NO -CP - 386,8299,594,10,29,16,10,6,7,5,4,3,5,3,3,4,3,6
PID - NO -CP - 387,22917,1135,5,50,12,24,16,18,13,10,9,13,8,9,10,8,16
PID - NO -CP - 388,5792,1307,10,8,2,5,3,4,3,2,2,3,1,2,2,1,3
PID - NO -CP - 389,17081,698,5,37,9,27,18,21,15,12,10,15,9,10,12,9,18
PID - NO -CP - 390,20031,725,7,5,3,23,15,18,12,10,9,12,7,9,10,7,15
PID - NO -CP - 391,17229,953,9,23,15,34,23,27,19,15,13,19,11,13,15,11,23
PID - NO -CP - 392,6056,615,5,35,3,7,4,5,3,3,2,3,2,2,3,2,4
PID - NO -CP - 393,7561,899,1,20,19,9,6,7,5,4,3,5,3,3,4,3,6
PID - NO -CP - 394,11219,972,10,18,18,18,12,14,10,8,7,10,6,7,8,6,12
PID - NO -CP - 395,15925,547,10,9,8,29,19,23,16,13,11,16,9,11,13,9,19
PID - NO -CP - 396,11954,815,1,45,17,16,11,13,9,7,6,9,5,6,7,5,11
PID - NO -CP - 397,22809,1472,2,30,8,17,11,13,9,7,6,9,5,6,7,5,11
PID - NO -CP - 398,8594,405,6,32,7,10,7,8,6,4,4,6,3,4,4,3,7
PID - NO -CP - 399,8012,620,9,6,7,8,5,6,4,3,3,4,2,3,3,2,5
PID - NO -CP - 400,5090,313,8,10,3,5,3,4,3,2,2,3,1,2,2,1,3
PID - NO -CP - 401,22081,641,5,13,1,17,11,13,9,7,6,9,5,6,7,5,11
PID - NO -CP - 402,18875,1340,1,37,4,13,8,10,7,5,5,7,4,5,5,4,8
PID - NO -CP - 403,20898,1374,7,45,5,22,15,17,12,10,8,12,7,8,10,7,15
PID - NO -CP - 404,24339,369,5,29,1,27,18,21,15,12,10,15,9,10,12,9,18
PID - NO -CP - 405,22349,1314,6,17,15,37,24,28,20,16,14,20,12,14,16,12,24
PID - NO -CP - 406,17810,888,7,13,5,16,11,12,9,7,6,9,5,6,7,5,11
PID - NO -CP - 407,10069,270,3,17,13,13,9,10,7,6,5,7,4,5,6,4,9
PID - NO -CP - 408,9548,770,10,35,8,14,9,11,8,6,5,8,4,5,6,4,9
PID - NO -CP - 409,13964,755,3,45,8,20,13,15,11,9,7,11,6,7,9,6,13
PID - NO -CP - 410,10064,541,5,15,5,10,7,8,6,4,4,6,3,4,4,3,7
PID - NO -CP - 411,15305,1068,6,8,9,17,11,13,9,7,6,9,5,6,7,5,11
PID - NO -CP - 412,16433,1165,9,38,1,24,16,18,13,10,9,13,8,9,10,8,16
PID - NO -CP - 413,21205,224,5,42,4,34,22,26,19,15,13,19,11,13,15,11,22
PID - NO -CP - 414,14430,832,1,50,3,14,9,10,7,6,5,7,4,5,6,4,9
PID - NO -CP - 415,19281,1461,4,8,2,23,15,18,13,10,9,13,7,9,10,7,15
PID - NO -CP - 416,10830,1078,5,42,8,18,12,14,10,8,7,10,6,7,8,6,12
PID - NO -CP - 417,5174,934,10,23,9,7,4,5,4,3,2,4,2,2,3,2,4
PID - NO -CP - 418,23319,557,10,10,2,24,16,19,13,11,9,13,8,9,11,8,16
PID - NO -CP - 419,15643,1449,5,38,14,16,10,12,8,7,6,8,5,6,7,5,10
PID - NO -CP - 420,6119,324,7,22,14,6,4,4,3,2,2,3,2,2,2,2,4
PID - NO -CP - 421,21018,438,4,17,4,16,10,12,9,7,6,9,5,6,7,5,10
PID - NO -CP - 422,10908,981,1,45,6,13,9,10,7,6,5,7,4,5,6,4,9
PID - NO -CP - 423,21482,1393,5,27,11,20,13,15,11,8,7,11,6,7,8,6,13
PID - NO -CP - 424,5542,387,7,23,3,5,3,3,2,2,1,2,1,1,2,1,3
PID - NO -CP - 425,8419,561,10,49,8,18,12,14,10,8,7,10,6,7,8,6,12
PID - NO -CP - 426,18877,1267,10,15,3,20,13,16,11,9,8,11,6,8,9,6,13
PID - NO -CP - 427,20694,523,6,5,14,19,12,14,10,8,7,10,6,7,8,6,12
PID - NO -CP - 428,5637,265,5,28,13,7,4,5,3,3,2,3,2,2,3,2,4
PID - NO -CP - 429,18612,1030,4,11,13,15,10,12,8,6,6,8,5,6,6,5,10
PID - NO -CP - 430,22365,640,2,29,2,20,13,15,11,8,7,11,6,7,8,6,13
PID - NO -CP - 431,8851,831,4,25,13,10,6,7,5,4,3,5,3,3,4,3,6
PID - NO -CP - 432,21120,804,10,19,19,44,29,34,24,19,17,24,14,17,19,14,29
PID - NO -CP - 433,10889,974,10,5,6,11,7,9,6,5,4,6,3,4,5,3,7
PID - NO -CP - 434,24248,337,3,16,16,34,22,26,18,15,13,18,11,13,15,11,22
PID - NO -CP - 435,22206,196,10,11,2,40,26,31,22,17,15,22,13,15,17,13,26
PID - NO -CP - 436,17307,623,1,19,8,14,9,11,8,6,5,8,4,5,6,4,9
PID - NO -CP - 437,20796,1071,8,25,17,40,26,31,22,17,15,22,13,15,17,13,26
PID - NO -CP - 438,14199,889,5,23,2,11,7,9,6,5,4,6,3,4,5,3,7
PID - NO -CP - 439,13869,318,4,33,10,12,8,9,6,5,4,6,4,4,5,4,8
PID - NO -CP - 440,14527,1239,8,29,16,28,19,22,15,12,11,15,9,11,12,9,19
PID - NO -CP - 441,23722,392,7,37,6,32,21,25,18,14,12,18,10,12,14,10,21
PID - NO -CP - 442,6977,745,2,36,2,5,3,3,2,2,1,2,1,1,2,1,3
PID - NO -CP - 443,13925,1481,1,39,2,16,10,12,8,7,6,8,5,6,7,5,10
PID - NO -CP - 444,18383,1422,4,48,13,18,12,14,10,8,7,10,6,7,8,6,12
PID - NO -CP - 445,13079,1426,8,42,15,26,17,20,14,11,10,14,8,10,11,8,17
PID - NO -CP - 446,7087,1410,2,30,2,6,4,4,3,2,2,3,2,2,2,2,4
PID - NO -CP - 447,13516,206,3,15,7,12,8,9,7,5,4,7,4,4,5,4,8
PID - NO -CP - 448,11121,878,1,39,3,9,6,7,5,4,3,5,3,3,4,3,6
PID - NO -CP - 449,12307,256,1,12,8,12,8,9,7,5,4,7,4,4,5,4,8
PID - NO -CP - 450,6569,1324,3,50,14,7,5,6,4,3,3,4,2,3,3,2,5
PID - NO -CP - 451,19119,1413,5,18,7,27,18,21,15,12,10,15,9,10,12,9,18
PID - NO -CP - 452,7765,1406,3,14,7,5,3,4,3,2,2,3,1,2,2,1,3
PID - NO -CP - 453,16288,1013,1,6,1,14,9,11,8,6,5,8,4,5,6,4,9
PID - NO -CP - 454,11761,717,1,50,17,13,8,10,7,5,5,7,4,5,5,4,8
PID - NO -CP - 455,23519,458,8,13,9,31,20,24,17,13,12,17,10,12,13,10,20
PID - NO -CP - 456,6654,427,10,7,13,9,6,7,5,4,3,5,3,3,4,3,6
PID - NO -CP - 457,6939,630,2,25,19,7,4,5,4,3,2,4,2,2,3,2,4
PID - NO -CP - 458,7022,683,3,30,19,6,4,4,3,2,2,3,2,2,2,2,4
PID - NO -CP - 459,14976,1126,2,12,17,19,12,14,10,8,7,10,6,7,8,6,12
PID - NO -CP - 460,19800,476,3,6,10,14,9,11,8,6,5,8,4,5,6,4,9
PID - NO -CP - 461,6626,1024,7,10,10,6,4,4,3,2,2,3,2,2,2,2,4
PID - NO -CP - 462,9443,615,1,32,4,6,4,4,3,2,2,3,2,2,2,2,4
PID - NO -CP - 463,23264,1332,10,33,8,37,24,28,20,16,14,20,12,14,16,12,24
PID - NO -CP - 464,8311,728,8,30,20,12,8,9,7,5,4,7,4,4,5,4,8
PID - NO -CP - 465,21046,408,10,29,20,35,23,27,19,15,13,19,11,13,15,11,23
PID - NO -CP - 466,20291,904,10,16,18,32,21,25,18,14,12,18,10,12,14,10,21
PID - NO -CP - 467,20274,830,10,9,14,30,20,23,17,13,11,17,10,11,13,10,20
PID - NO -CP - 468,14394,875,2,38,18,21,14,16,11,9,8,11,7,8,9,7,14
PID - NO -CP - 469,16257,658,3,41,14,14,9,11,8,6,5,8,4,5,6,4,9
PID - NO -CP - 470,6142,1311,9,19,20,9,6,7,5,4,3,5,3,3,4,3,6
PID - NO -CP - 471,9827,474,7,48,15,11,7,8,6,5,4,6,3,4,5,3,7
PID - NO -CP - 472,6384,759,4,40,4,6,4,5,3,3,2,3,2,2,3,2,4
PID - NO -CP - 473,13789,508,10,19,13,16,10,12,9,7,6,9,5,6,7,5,10
PID - NO -CP - 474,10733,996,5,47,8,17,11,13,9,7,6,9,5,6,7,5,11
PID - NO -CP - 475,18563,909,2,27,18,26,17,20,14,11,10,14,8,10,11,8,17
PID - NO -CP - 476,5687,904,8,10,12,9,6,7,5,4,3,5,3,3,4,3,6
PID - NO -CP - 477,15012,1306,4,50,14,25,17,20,14,11,10,14,8,10,11,8,17
PID - NO -CP - 478,6991,1295,9,48,2,13,9,10,7,6,5,7,4,5,6,4,9
PID - NO -CP - 479,5882,248,5,47,18,7,5,6,4,3,3,4,2,3,3,2,5
PID - NO -CP - 480,11981,211,9,49,2,18,12,14,10,8,7,10,6,7,8,6,12
PID - NO -CP - 481,18615,954,4,25,11,16,10,12,9,7,6,9,5,6,7,5,10
PID - NO -CP - 482,15468,840,10,27,9,31,20,24,17,13,12,17,10,12,13,10,20
PID - NO -CP - 483,15389,896,5,47,12,27,18,21,15,12,10,15,9,10,12,9,18
PID - NO -CP - 484,21910,1095,9,20,17,43,29,34,24,19,17,24,14,17,19,14,29
PID - NO -CP - 485,11949,735,8,19,15,12,8,10,7,5,5,7,4,5,5,4,8
PID - NO -CP - 486,24105,699,3,29,17,21,14,16,12,9,8,12,7,8,9,7,14
PID - NO -CP - 487,20198,455,1,40,18,16,11,13,9,7,6,9,5,6,7,5,11
PID - NO -CP - 488,10554,823,3,15,6,12,8,10,7,5,5,7,4,5,5,4,8
PID - NO -CP - 489,21961,447,4,19,17,33,22,26,18,14,13,18,11,13,14,11,22
PID - NO -CP - 490,15511,1368,2,8,18,11,7,8,6,5,4,6,3,4,5,3,7
PID - NO -CP - 491,6279,1020,1,25,8,5,3,4,2,2,2,2,1,2,2,1,3
PID - NO -CP - 492,11268,745,7,17,9,18,12,14,10,8,7,10,6,7,8,6,12
PID - NO -CP - 493,7763,1226,8,26,6,13,9,10,7,6,5,7,4,5,6,4,9
PID - NO -CP - 494,9467,401,7,23,5,15,10,12,8,6,6,8,5,6,6,5,10
PID - NO -CP - 495,17797,537,5,38,12,30,20,23,16,13,11,16,10,11,13,10,20
PID - NO -CP - 496,10868,954,1,18,11,9,6,7,5,4,3,5,3,3,4,3,6
PID - NO -CP - 497,8596,1141,7,8,1,9,6,7,5,4,3,5,3,3,4,3,6
PID - NO -CP - 498,13762,641,7,50,11,15,10,12,8,7,6,8,5,6,7,5,10
PID - NO -CP - 499,15701,984,9,31,19,33,22,26,18,14,13,18,11,13,14,11,22
PID - NO -CP - 500,14530,579,3,33,9,20,13,16,11,9,8,11,6,8,9,6,13
PID - NO -CP - 501,9181,283,9,32,2,12,8,9,7,5,4,7,4,4,5,4,8
PID - NO -CP - 502,18753,721,1,39,12,14,9,11,8,6,5,8,4,5,6,4,9
PID - NO -CP - 503,20803,189,1,12,4,12,8,9,6,5,4,6,4,4,5,4,8
PID - NO -CP - 504,9803,738,4,20,4,7,5,5,4,3,2,4,2,2,3,2,5
PID - NO -CP - 505,24227,189,9,46,18,31,21,24,17,14,12,17,10,12,14,10,21
PID - NO -CP - 506,15719,674,6,40,15,17,11,13,9,7,6,9,5,6,7,5,11
PID - NO -CP - 507,7244,1250,3,34,19,8,5,6,4,3,3,4,2,3,3,2,5
PID - NO -CP - 508,22946,377,1,22,13,16,10,12,9,7,6,9,5,6,7,5,10
PID - NO -CP - 509,5294,1361,4,6,19,5,3,4,3,2,2,3,1,2,2,1,3
PID - NO -CP - 510,6466,534,9,17,17,9,6,7,5,4,3,5,3,3,4,3,6
PID - NO -CP - 511,13770,493,3,8,6,16,10,12,9,7,6,9,5,6,7,5,10
PID - NO -CP - 512,6524,536,9,30,16,13,8,10,7,5,5,7,4,5,5,4,8
PID - NO -CP - 513,9951,548,7,29,12,13,9,10,7,6,5,7,4,5,6,4,9
PID - NO -CP - 514,9197,1188,4,34,19,11,7,8,6,5,4,6,3,4,5,3,7
PID - NO -CP - 515,21800,412,3,15,5,15,10,12,8,6,6,8,5,6,6,5,10
PID - NO -CP - 516,10676,1411,10,11,17,12,8,9,7,5,4,7,4,4,5,4,8
PID - NO -CP - 517,17681,205,5,35,1,26,17,20,14,11,10,14,8,10,11,8,17
PID - NO -CP - 518,20967,438,5,48,10,21,14,16,11,9,8,11,7,8,9,7,14
PID - NO -CP - 519,20143,525,3,14,15,27,18,21,15,12,10,15,9,10,12,9,18
PID - NO -CP - 520,9284,642,9,43,11,14,9,11,8,6,5,8,4,5,6,4,9
PID - NO -CP - 521,24948,636,4,17,13,21,14,16,11,9,8,11,7,8,9,7,14
PID - NO -CP - 522,11176,1409,5,35,5,10,6,7,5,4,3,5,3,3,4,3,6
PID - NO -CP - 523,22429,1496,4,11,1,16,10,12,9,7,6,9,5,6,7,5,10
PID - NO -CP - 524,16436,1447,5,46,12,22,14,17,12,9,8,12,7,8,9,7,14
PID - NO -CP - 525,5150,859,7,46,11,9,6,7,5,4,3,5,3,3,4,3,6
PID - NO -CP - 526,10399,1201,9,40,17,21,14,16,12,9,8,12,7,8,9,7,14
PID - NO -CP - 527,6610,924,7,24,4,10,7,8,5,4,4,5,3,4,4,3,7
PID - NO -CP - 528,24803,1389,5,8,15,37,25,29,21,16,14,21,12,14,16,12,25
PID - NO -CP - 529,5049,898,10,11,9,7,4,5,3,3,2,3,2,2,3,2,4
PID - NO -CP - 530,8077,315,10,5,20,16,10,12,9,7,6,9,5,6,7,5,10
PID - NO -CP - 531,13469,240,7,48,19,27,18,21,15,12,10,15,9,10,12,9,18
PID - NO -CP - 532,15193,1488,10,49,19,35,23,27,19,15,13,19,11,13,15,11,23
PID - NO -CP - 533,10677,1111,5,46,12,10,7,8,6,4,4,6,3,4,4,3,7
PID - NO -CP - 534,14102,1373,3,17,5,13,8,10,7,5,5,7,4,5,5,4,8
PID - NO -CP - 535,8655,268,7,26,10,14,9,11,8,6,5,8,4,5,6,4,9
PID - NO -CP - 536,13189,274,2,25,17,18,12,14,10,8,7,10,6,7,8,6,12
PID - NO -CP - 537,13521,1157,9,26,5,25,16,19,13,11,9,13,8,9,11,8,16
PID - NO -CP - 538,23012,451,10,32,16,38,25,29,21,17,14,21,12,14,17,12,25
PID - NO -CP - 539,11617,508,10,13,7,17,11,13,9,7,6,9,5,6,7,5,11
PID - NO -CP - 540,16778,762,1,30,9,15,10,11,8,6,5,8,5,5,6,5,10
PID - NO -CP - 541,14482,199,6,13,3,16,10,12,9,7,6,9,5,6,7,5,10
PID - NO -CP - 542,15699,1235,7,19,15,28,18,21,15,12,10,15,9,10,12,9,18
PID - NO -CP - 543,9345,1404,8,14,16,13,8,10,7,5,5,7,4,5,5,4,8
PID - NO -CP - 544,14938,1017,10,28,18,19,12,14,10,8,7,10,6,7,8,6,12
PID - NO -CP - 545,12333,745,9,46,14,26,17,20,14,11,10,14,8,10,11,8,17
PID - NO -CP - 546,22764,643,2,12,3,24,16,19,13,10,9,13,8,9,10,8,16
PID - NO -CP - 547,17884,1347,10,28,12,37,24,28,20,16,14,20,12,14,16,12,24
PID - NO -CP - 548,21894,1278,2,20,9,15,10,12,8,7,6,8,5,6,7,5,10
PID - NO -CP - 549,15404,980,5,30,7,14,9,10,7,6,5,7,4,5,6,4,9
PID - NO -CP - 550,5835,1106,5,31,9,5,3,4,2,2,2,2,1,2,2,1,3
PID - NO -CP - 551,14078,1065,6,41,13,25,17,20,14,11,10,14,8,10,11,8,17
PID - NO -CP - 552,15724,401,3,8,18,21,14,16,12,9,8,12,7,8,9,7,14
PID - NO -CP - 553,11461,323,8,28,5,11,7,9,6,5,4,6,3,4,5,3,7
PID - NO -CP - 554,17808,729,1,23,13,21,14,16,12,9,8,12,7,8,9,7,14
PID - NO -CP - 555,15262,1389,6,40,4,25,17,20,14,11,10,14,8,10,11,8,17
PID - NO -CP - 556,11198,395,4,43,2,9,6,7,5,4,3,5,3,3,4,3,6
PID - NO -CP - 557,6676,220,1,14,16,4,3,3,2,2,1,2,1,1,2,1,3
PID - NO -CP - 558,11587,1203,7,29,9,15,10,11,8,6,5,8,5,5,6,5,10
PID - NO -CP - 559,15269,1445,9,22,9,22,14,17,12,9,8,12,7,8,9,7,14
PID - NO -CP - 560,6526,1147,4,23,6,6,4,5,3,3,2,3,2,2,3,2,4
PID - NO -CP - 561,9700,1199,4,40,11,11,7,9,6,5,4,6,3,4,5,3,7
PID - NO -CP - 562,5481,942,6,14,1,5,3,4,3,2,2,3,1,2,2,1,3
PID - NO -CP - 563,10205,309,3,37,4,13,9,10,7,6,5,7,4,5,6,4,9
PID - NO -CP - 564,16191,1338,6,9,13,15,10,11,8,6,5,8,5,5,6,5,10
PID - NO -CP - 565,12688,1413,7,39,13,23,15,18,13,10,9,13,7,9,10,7,15
PID - NO -CP - 566,23698,369,10,48,13,41,27,32,22,18,16,22,13,16,18,13,27
PID - NO -CP - 567,15320,421,10,38,2,23,15,18,13,10,9,13,7,9,10,7,15
PID - NO -CP - 568,24040,225,3,37,9,20,13,16,11,9,8,11,6,8,9,6,13
PID - NO -CP - 569,23288,615,7,25,8,40,27,31,22,18,15,22,13,15,18,13,27
PID - NO -CP - 570,16315,787,3,21,7,12,8,9,6,5,4,6,4,4,5,4,8
PID - NO -CP - 571,15346,1230,2,26,4,14,9,10,7,6,5,7,4,5,6,4,9
PID - NO -CP - 572,24866,949,10,41,18,43,29,34,24,19,17,24,14,17,19,14,29
PID - NO -CP - 573,13419,255,4,19,3,13,9,10,7,6,5,7,4,5,6,4,9
PID - NO -CP - 574,17552,916,8,39,6,32,21,25,18,14,12,18,10,12,14,10,21
PID - NO -CP - 575,13153,251,9,32,12,19,13,15,11,8,7,11,6,7,8,6,13
PID - NO -CP - 576,20448,1356,7,11,12,20,13,15,11,9,7,11,6,7,9,6,13
PID - NO -CP - 577,6277,1456,1,36,8,5,3,4,3,2,2,3,1,2,2,1,3
PID - NO -CP - 578,23988,1480,3,15,1,27,18,21,15,12,10,15,9,10,12,9,18
PID - NO -CP - 579,11844,662,9,14,4,15,10,12,8,7,6,8,5,6,7,5,10
PID - NO -CP - 580,5737,1097,1,13,11,4,3,3,2,2,1,2,1,1,2,1,3
PID - NO -CP - 581,23013,739,9,18,3,31,21,24,17,14,12,17,10,12,14,10,21
PID - NO -CP - 582,11858,823,8,17,13,21,14,16,11,9,8,11,7,8,9,7,14
PID - NO -CP - 583,24245,355,1,29,17,32,21,25,17,14,12,17,10,12,14,10,21
PID - NO -CP - 584,15941,1419,6,6,10,18,12,14,10,8,7,10,6,7,8,6,12
PID - NO -CP - 585,23682,859,5,39,12,23,15,18,13,10,9,13,7,9,10,7,15
PID - NO -CP - 586,21153,268,6,11,15,34,22,26,19,15,13,19,11,13,15,11,22
PID - NO -CP - 587,17395,1134,10,25,10,35,23,27,19,15,13,19,11,13,15,11,23
PID - NO -CP - 588,5308,1316,5,22,14,4,3,3,2,2,1,2,1,1,2,1,3
PID - NO -CP - 589,18398,961,6,7,13,21,14,16,12,9,8,12,7,8,9,7,14
PID - NO -CP - 590,5944,1037,5,46,5,9,6,7,5,4,3,5,3,3,4,3,6
PID - NO -CP - 591,22234,1427,5,43,6,21,14,16,11,9,8,11,7,8,9,7,14
PID - NO -CP - 592,21408,1465,4,45,2,18,12,14,10,8,7,10,6,7,8,6,12
PID - NO -CP - 593,19489,949,3,15,17,27,18,21,15,12,10,15,9,10,12,9,18
PID - NO -CP - 594,17424,1459,3,43,4,18,12,14,10,8,7,10,6,7,8,6,12
PID - NO -CP - 595,20091,722,4,28,14,23,15,18,13,10,9,13,7,9,10,7,15
PID - NO -CP - 596,8121,1303,9,50,10,17,11,13,9,7,6,9,5,6,7,5,11
PID - NO -CP - 597,18397,322,2,23,3,21,14,16,11,9,8,11,7,8,9,7,14
PID - NO -CP - 598,20705,1299,9,8,3,20,13,16,11,9,8,11,6,8,9,6,13
PID - NO -CP - 599,14672,493,1,30,15,11,7,8,6,4,4,6,3,4,4,3,7
PID - NO -CP - 600,9255,295,1,42,6,6,4,5,3,3,2,3,2,2,3,2,4
PID - NO -CP - 601,10304,745,5,46,17,18,12,14,10,8,7,10,6,7,8,6,12
PID - NO -CP - 602,9954,190,6,36,12,17,11,13,9,7,6,9,5,6,7,5,11
PID - NO -CP - 603,18091,307,6,43,20,20,13,16,11,9,8,11,6,8,9,6,13
PID - NO -CP - 604,18408,374,3,49,11,17,11,13,9,7,6,9,5,6,7,5,11
PID - NO -CP - 605,6531,482,7,50,4,9,6,7,5,4,3,5,3,3,4,3,6
PID - NO -CP - 606,11188,601,9,40,6,12,8,9,7,5,4,7,4,4,5,4,8
PID - NO -CP - 607,9069,977,10,44,1,18,12,14,10,8,7,10,6,7,8,6,12
PID - NO -CP - 608,21268,1379,8,41,20,45,30,35,25,20,17,25,15,17,20,15,30
PID - NO -CP - 609,11018,1074,6,37,16,19,13,15,11,8,7,11,6,7,8,6,13
PID - NO -CP - 610,11476,1021,8,40,15,17,11,13,9,7,6,9,5,6,7,5,11
PID - NO -CP - 611,20643,901,5,7,17,31,21,24,17,14,12,17,10,12,14,10,21
PID - NO -CP - 612,9740,745,8,13,8,12,8,9,7,5,4,7,4,4,5,4,8
PID - NO -CP - 613,18929,905,10,12,12,37,24,29,20,16,14,20,12,14,16,12,24
PID - NO -CP - 614,24344,1377,4,37,10,28,19,22,16,12,11,16,9,11,12,9,19
PID - NO -CP - 615,12172,552,10,10,15,14,9,11,7,6,5,7,4,5,6,4,9
PID - NO -CP - 616,19652,1209,8,45,9,30,20,23,16,13,11,16,10,11,13,10,20
PID - NO -CP - 617,13667,431,10,43,2,16,11,12,9,7,6,9,5,6,7,5,11
PID - NO -CP - 618,11946,743,2,8,5,7,4,5,4,3,2,4,2,2,3,2,4
PID - NO -CP - 619,6853,982,5,17,6,5,3,4,3,2,2,3,1,2,2,1,3
PID - NO -CP - 620,17389,493,9,6,7,23,15,18,12,10,9,12,7,9,10,7,15
PID - NO -CP - 621,10624,1102,4,9,1,12,8,9,7,5,4,7,4,4,5,4,8
PID - NO -CP - 622,17727,223,6,48,7,18,12,14,10,8,7,10,6,7,8,6,12
PID - NO -CP - 623,8501,350,1,31,20,11,7,9,6,5,4,6,3,4,5,3,7
PID - NO -CP - 624,7017,1020,9,36,12,10,7,8,6,4,4,6,3,4,4,3,7
PID - NO -CP - 625,20353,511,1,25,16,19,13,15,11,8,7,11,6,7,8,6,13
PID - NO -CP - 626,19143,1216,5,12,16,29,19,22,16,13,11,16,9,11,13,9,19
PID - NO -CP - 627,11789,744,4,42,11,11,7,8,6,4,4,6,3,4,4,3,7
PID - NO -CP - 628,8377,288,3,12,4,7,4,5,4,3,2,4,2,2,3,2,4
PID - NO -CP - 629,8202,1006,6,7,13,9,6,7,5,4,3,5,3,3,4,3,6
PID - NO -CP - 630,13679,486,2,48,7,19,12,15,10,8,7,10,6,7,8,6,12
PID - NO -CP - 631,23804,638,3,7,4,27,18,21,15,12,10,15,9,10,12,9,18
PID - NO -CP - 632,22029,548,5,26,15,36,24,28,20,16,14,20,12,14,16,12,24
PID - NO -CP - 633,14061,348,9,10,19,16,10,12,9,7,6,9,5,6,7,5,10
PID - NO -CP - 634,13427,847,2,6,9,14,9,11,8,6,5,8,4,5,6,4,9
PID - NO -CP - 635,7368,845,10,27,11,14,9,11,8,6,5,8,4,5,6,4,9
PID - NO -CP - 636,23766,806,8,48,8,27,18,21,15,12,10,15,9,10,12,9,18
PID - NO -CP - 637,20717,1053,2,6,1,12,8,9,6,5,4,6,4,4,5,4,8
PID - NO -CP - 638,20604,702,5,42,8,34,22,26,19,15,13,19,11,13,15,11,22
PID - NO -CP - 639,24679,626,7,21,13,25,17,20,14,11,10,14,8,10,11,8,17
PID - NO -CP - 640,22694,522,8,39,4,24,16,19,13,11,9,13,8,9,11,8,16
PID - NO -CP - 641,23362,676,1,38,8,29,19,22,16,13,11,16,9,11,13,9,19
PID - NO -CP - 642,13886,757,6,27,3,21,14,16,12,9,8,12,7,8,9,7,14
PID - NO -CP - 643,7124,1442,1,34,9,8,5,6,4,3,3,4,2,3,3,2,5
PID - NO -CP - 644,24076,197,2,12,2,25,17,20,14,11,10,14,8,10,11,8,17
PID - NO -CP - 645,20706,905,1,26,2,16,11,13,9,7,6,9,5,6,7,5,11
PID - NO -CP - 646,17735,699,5,48,13,31,21,24,17,14,12,17,10,12,14,10,21
PID - NO -CP - 647,11530,1267,10,40,15,19,12,14,10,8,7,10,6,7,8,6,12
PID - NO -CP - 648,17340,365,9,9,12,24,16,19,13,10,9,13,8,9,10,8,16
PID - NO -CP - 649,9579,303,6,17,4,14,9,10,7,6,5,7,4,5,6,4,9
PID - NO -CP - 650,10467,865,1,33,8,7,4,5,4,3,2,4,2,2,3,2,4
PID - NO -CP - 651,10504,1127,1,35,9,9,6,7,5,4,3,5,3,3,4,3,6
PID - NO -CP - 652,10264,494,2,20,5,6,4,5,3,3,2,3,2,2,3,2,4
PID - NO -CP - 653,6960,1444,9,46,20,11,7,9,6,5,4,6,3,4,5,3,7
PID - NO -CP - 654,21715,592,3,34,18,34,22,26,19,15,13,19,11,13,15,11,22
PID - NO -CP - 655,12301,1088,1,20,11,8,5,6,4,3,3,4,2,3,3,2,5
PID - NO -CP - 656,15432,1051,5,16,15,18,12,14,10,8,7,10,6,7,8,6,12
PID - NO -CP - 657,7321,332,7,21,9,12,8,9,6,5,4,6,4,4,5,4,8
PID - NO -CP - 658,11956,614,6,20,17,15,10,12,8,6,6,8,5,6,6,5,10
PID - NO -CP - 659,20608,992,1,16,12,18,12,14,10,8,7,10,6,7,8,6,12
PID - NO -CP - 660,21778,222,5,12,7,18,12,14,10,8,7,10,6,7,8,6,12
PID - NO -CP - 661,24654,1164,5,24,10,38,25,29,21,17,14,21,12,14,17,12,25
PID - NO -CP - 662,15496,257,6,7,10,23,15,18,13,10,9,13,7,9,10,7,15
PID - NO -CP - 663,16708,1373,3,20,13,17,11,13,9,7,6,9,5,6,7,5,11
PID - NO -CP - 664,16496,609,5,34,19,17,11,13,9,7,6,9,5,6,7,5,11
PID - NO -CP - 665,7390,790,7,49,11,10,7,8,6,4,4,6,3,4,4,3,7
PID - NO -CP - 666,12066,334,5,27,13,19,13,15,10,8,7,10,6,7,8,6,13
PID - NO -CP - 667,9764,282,5,32,8,11,7,9,6,5,4,6,3,4,5,3,7
PID - NO -CP - 668,12453,1094,5,44,8,21,14,16,11,9,8,11,7,8,9,7,14
PID - NO -CP - 669,15847,695,10,9,4,16,11,13,9,7,6,9,5,6,7,5,11
PID - NO -CP - 670,15168,505,10,24,15,31,21,24,17,14,12,17,10,12,14,10,21
PID - NO -CP - 671,23950,1017,3,44,11,21,14,16,12,9,8,12,7,8,9,7,14
PID - NO -CP - 672,16490,1065,1,48,11,17,11,13,9,7,6,9,5,6,7,5,11
PID - NO -CP - 673,5158,519,5,5,1,6,4,4,3,2,2,3,2,2,2,2,4
PID - NO -CP - 674,24645,682,9,34,17,52,34,40,29,23,20,29,17,20,23,17,34
PID - NO -CP - 675,11529,419,1,25,15,8,5,6,4,3,3,4,2,3,3,2,5
PID - NO -CP - 676,22326,1297,3,24,20,25,17,20,14,11,10,14,8,10,11,8,17
PID - NO -CP - 677,22343,1326,4,10,6,21,14,17,12,9,8,12,7,8,9,7,14
PID - NO -CP - 678,8940,799,1,26,15,6,4,5,3,2,2,3,2,2,2,2,4
PID - NO -CP - 679,5212,296,1,22,9,5,3,4,3,2,2,3,1,2,2,1,3
PID - NO -CP - 680,22012,976,8,12,14,40,26,31,22,17,15,22,13,15,17,13,26
PID - NO -CP - 681,20064,1018,2,43,18,18,12,14,10,8,7,10,6,7,8,6,12
PID - NO -CP - 682,21418,965,8,36,17,25,17,20,14,11,10,14,8,10,11,8,17
PID - NO -CP - 683,18897,218,7,37,18,21,14,17,12,9,8,12,7,8,9,7,14
PID - NO -CP - 684,11827,731,10,20,5,17,11,13,9,7,6,9,5,6,7,5,11
PID - NO -CP - 685,9781,927,10,16,20,20,13,15,11,9,7,11,6,7,9,6,13
PID - NO -CP - 686,13085,1030,2,42,20,15,10,12,8,6,6,8,5,6,6,5,10
PID - NO -CP - 687,8173,1071,6,38,9,14,9,10,7,6,5,7,4,5,6,4,9
PID - NO -CP - 688,9778,856,6,18,11,9,6,7,5,4,3,5,3,3,4,3,6
PID - NO -CP - 689,5342,1498,3,40,1,4,2,3,2,1,1,2,1,1,1,1,2
PID - NO -CP - 690,9310,683,2,37,18,8,5,6,4,3,3,4,2,3,3,2,5
PID - NO -CP - 691,18218,573,1,27,6,20,13,16,11,9,8,11,6,8,9,6,13
PID - NO -CP - 692,12233,883,6,49,2,12,8,9,6,5,4,6,4,4,5,4,8
PID - NO -CP - 693,14843,1485,5,6,15,22,14,17,12,9,8,12,7,8,9,7,14
PID - NO -CP - 694,16524,248,9,45,14,21,14,16,11,9,8,11,7,8,9,7,14
PID - NO -CP - 695,16027,891,1,25,5,13,9,10,7,6,5,7,4,5,6,4,9
PID - NO -CP - 696,12060,497,7,6,6,10,7,8,6,4,4,6,3,4,4,3,7
PID - NO -CP - 697,5281,579,5,31,6,6,4,4,3,2,2,3,2,2,2,2,4
PID - NO -CP - 698,12987,1044,5,13,18,15,10,12,8,6,6,8,5,6,6,5,10
PID - NO -CP - 699,21239,599,2,5,14,14,9,11,8,6,5,8,4,5,6,4,9
PID - NO -CP - 700,23765,1063,3,15,10,23,15,18,13,10,9,13,7,9,10,7,15
PID - NO -CP - 701,12293,1200,7,7,14,20,13,15,11,9,7,11,6,7,9,6,13
PID - NO -CP - 702,11366,1384,6,27,13,14,9,11,8,6,5,8,4,5,6,4,9
PID - NO -CP - 703,22661,609,2,30,3,27,18,21,15,12,10,15,9,10,12,9,18
PID - NO -CP - 704,8817,564,6,8,6,7,5,5,4,3,2,4,2,2,3,2,5
PID - NO -CP - 705,23225,1202,2,22,8,21,14,17,12,9,8,12,7,8,9,7,14
PID - NO -CP - 706,5472,672,2,10,12,4,3,3,2,2,1,2,1,1,2,1,3
PID - NO -CP - 707,22841,1382,2,39,13,33,22,25,18,14,12,18,11,12,14,11,22
PID - NO -CP - 708,24753,493,3,26,11,26,17,20,14,11,10,14,8,10,11,8,17
PID - NO -CP - 709,5153,582,2,47,12,5,3,4,3,2,2,3,1,2,2,1,3
PID - NO -CP - 710,18988,497,4,19,1,14,9,11,8,6,5,8,4,5,6,4,9
PID - NO -CP - 711,11926,1316,9,26,17,24,16,18,13,10,9,13,8,9,10,8,16
PID - NO -CP - 712,14285,1220,6,41,16,26,17,20,14,11,10,14,8,10,11,8,17
PID - NO -CP - 713,6194,328,1,46,11,4,3,3,2,2,1,2,1,1,2,1,3
PID - NO -CP - 714,22471,1395,8,16,13,24,16,18,13,10,9,13,8,9,10,8,16
PID - NO -CP - 715,18769,830,7,46,18,28,19,22,16,12,11,16,9,11,12,9,19
PID - NO -CP - 716,19128,348,10,42,11,24,16,18,13,10,9,13,8,9,10,8,16
PID - NO -CP - 717,8826,676,3,22,12,7,4,5,4,3,2,4,2,2,3,2,4
PID - NO -CP - 718,5222,429,1,49,6,3,2,3,2,1,1,2,1,1,1,1,2
PID - NO -CP - 719,22570,481,5,39,9,28,19,22,15,12,11,15,9,11,12,9,19
PID - NO -CP - 720,21363,911,4,34,16,26,17,20,14,11,10,14,8,10,11,8,17
PID - NO -CP - 721,10011,691,10,28,4,15,10,11,8,6,5,8,5,5,6,5,10
PID - NO -CP - 722,15846,301,8,46,3,22,15,17,12,10,8,12,7,8,10,7,15
PID - NO -CP - 723,17242,960,1,34,16,13,9,10,7,6,5,7,4,5,6,4,9
PID - NO -CP - 724,9992,1496,10,18,12,11,7,8,6,5,4,6,3,4,5,3,7
PID - NO -CP - 725,5589,450,1,10,11,4,2,3,2,1,1,2,1,1,1,1,2
PID - NO -CP - 726,5188,1365,4,7,5,6,4,4,3,2,2,3,2,2,2,2,4
PID - NO -CP - 727,16169,1043,8,20,18,18,12,14,10,8,7,10,6,7,8,6,12
PID - NO -CP - 728,24226,364,5,11,19,22,15,17,12,10,8,12,7,8,10,7,15
PID - NO -CP - 729,17745,1441,2,18,6,15,10,12,8,7,6,8,5,6,7,5,10
PID - NO -CP - 730,15353,1403,6,13,18,15,10,11,8,6,5,8,5,5,6,5,10
PID - NO -CP - 731,8859,843,5,19,6,12,8,10,7,5,5,7,4,5,5,4,8
PID - NO -CP - 732,15007,364,2,25,4,17,11,13,9,7,6,9,5,6,7,5,11
PID - NO -CP - 733,15925,255,3,39,12,23,15,18,13,10,9,13,7,9,10,7,15
PID - NO -CP - 734,19528,268,9,6,19,22,14,17,12,9,8,12,7,8,9,7,14
PID - NO -CP - 735,19663,183,7,31,2,19,13,15,10,8,7,10,6,7,8,6,13
PID - NO -CP - 736,18419,670,7,6,17,18,12,14,10,8,7,10,6,7,8,6,12
PID - NO -CP - 737,16715,495,6,39,11,22,15,17,12,10,8,12,7,8,10,7,15
PID - NO -CP - 738,20499,760,8,22,11,28,19,22,16,12,11,16,9,11,12,9,19
PID - NO -CP - 739,16897,1497,4,18,16,15,10,11,8,6,5,8,5,5,6,5,10
PID - NO -CP - 740,6010,613,8,24,2,7,5,6,4,3,3,4,2,3,3,2,5
PID - NO -CP - 741,22457,1030,4,22,2,30,20,23,16,13,11,16,10,11,13,10,20
PID - NO -CP - 742,8639,1202,8,14,8,11,7,8,6,4,4,6,3,4,4,3,7
PID - NO -CP - 743,17288,1473,9,29,13,20,13,16,11,9,8,11,6,8,9,6,13
PID - NO -CP - 744,23100,858,3,6,10,16,11,13,9,7,6,9,5,6,7,5,11
PID - NO -CP - 745,8868,1440,3,29,8,9,6,7,5,4,3,5,3,3,4,3,6
PID - NO -CP - 746,7146,227,2,37,4,8,5,6,4,3,3,4,2,3,3,2,5
PID - NO -CP - 747,5759,769,10,40,15,7,4,5,4,3,2,4,2,2,3,2,4
PID - NO -CP - 748,23568,1257,3,35,1,23,15,18,13,10,9,13,7,9,10,7,15
PID - NO -CP - 749,7310,647,3,18,11,9,6,7,5,4,3,5,3,3,4,3,6
PID - NO -CP - 750,19995,1044,5,5,7,15,10,12,8,7,6,8,5,6,7,5,10
PID - NO -CP - 751,20167,861,5,50,17,28,19,22,16,12,11,16,9,11,12,9,19
PID - NO -CP - 752,24456,558,2,20,20,20,13,15,11,8,7,11,6,7,8,6,13
PID - NO -CP - 753,6266,283,10,50,18,8,5,6,4,3,3,4,2,3,3,2,5
PID - NO -CP - 754,6016,1407,6,7,12,7,4,5,4,3,2,4,2,2,3,2,4
PID - NO -CP - 755,24901,467,5,39,9,41,27,32,23,18,16,23,13,16,18,13,27
PID - NO -CP - 756,20169,877,6,45,5,20,13,16,11,9,8,11,6,8,9,6,13
PID - NO -CP - 757,24246,1357,1,10,10,19,13,15,11,8,7,11,6,7,8,6,13
PID - NO -CP - 758,19840,1080,5,29,4,17,11,13,9,7,6,9,5,6,7,5,11
PID - NO -CP - 759,5005,527,9,17,5,8,5,6,4,3,3,4,2,3,3,2,5
PID - NO -CP - 760,24139,717,10,38,10,39,26,30,22,17,15,22,13,15,17,13,26
PID - NO -CP - 761,6230,867,2,12,11,4,2,3,2,1,1,2,1,1,1,1,2
PID - NO -CP - 762,17364,1076,1,25,10,15,10,12,8,7,6,8,5,6,7,5,10
PID - NO -CP - 763,9613,987,10,38,8,20,13,15,11,9,7,11,6,7,9,6,13
PID - NO -CP - 764,19388,1078,9,8,2,32,21,25,18,14,12,18,10,12,14,10,21
PID - NO -CP - 765,20525,244,10,29,8,42,28,32,23,18,16,23,14,16,18,14,28
PID - NO -CP - 766,8508,418,9,19,16,9,6,7,5,4,3,5,3,3,4,3,6
PID - NO -CP - 767,8411,1434,9,8,5,8,5,6,4,3,3,4,2,3,3,2,5
PID - NO -CP - 768,23273,1159,6,49,3,40,27,31,22,18,15,22,13,15,18,13,27
PID - NO -CP - 769,22307,1352,8,16,12,30,20,23,17,13,11,17,10,11,13,10,20
PID - NO -CP - 770,6460,758,1,36,13,6,4,5,3,2,2,3,2,2,2,2,4
PID - NO -CP - 771,11296,203,10,36,13,24,16,19,13,10,9,13,8,9,10,8,16
PID - NO -CP - 772,19752,908,4,32,10,30,20,23,16,13,11,16,10,11,13,10,20
PID - NO -CP - 773,5286,259,1,17,4,3,2,2,1,1,1,1,1,1,1,1,2
PID - NO -CP - 774,8218,1347,8,35,9,11,7,9,6,5,4,6,3,4,5,3,7
PID - NO -CP - 775,22729,502,1,18,2,13,9,10,7,6,5,7,4,5,6,4,9
PID - NO -CP - 776,14744,1026,3,24,19,12,8,9,7,5,4,7,4,4,5,4,8
PID - NO -CP - 777,21942,852,4,22,1,21,14,17,12,9,8,12,7,8,9,7,14
PID - NO -CP - 778,10851,375,8,33,7,15,10,12,8,6,6,8,5,6,6,5,10
PID - NO -CP - 779,7429,771,6,10,17,7,4,5,3,3,2,3,2,2,3,2,4
PID - NO -CP - 780,20801,1055,10,36,3,24,16,19,13,11,9,13,8,9,11,8,16
PID - NO -CP - 781,24120,272,7,33,20,36,24,28,20,16,14,20,12,14,16,12,24
PID - NO -CP - 782,11586,1332,8,47,20,14,9,11,8,6,5,8,4,5,6,4,9
PID - NO -CP - 783,15971,1435,2,6,3,16,10,12,9,7,6,9,5,6,7,5,10
PID - NO -CP - 784,10791,1140,10,27,3,12,8,9,6,5,4,6,4,4,5,4,8
PID - NO -CP - 785,7978,500,8,23,17,14,9,11,8,6,5,8,4,5,6,4,9
PID - NO -CP - 786,17559,1225,3,35,7,18,12,14,10,8,7,10,6,7,8,6,12
PID - NO -CP - 787,10986,783,7,9,14,14,9,10,7,6,5,7,4,5,6,4,9
PID - NO -CP - 788,14201,776,3,23,17,20,13,16,11,9,8,11,6,8,9,6,13
PID - NO -CP - 789,21803,581,7,38,18,43,28,33,24,19,16,24,14,16,19,14,28
PID - NO -CP - 790,8794,823,2,14,13,10,6,8,5,4,4,5,3,4,4,3,6
PID - NO -CP - 791,24712,956,10,29,20,41,27,32,23,18,16,23,13,16,18,13,27
PID - NO -CP - 792,9273,992,6,6,20,15,10,12,8,6,6,8,5,6,6,5,10
PID - NO -CP - 793,23381,1362,3,15,18,19,13,15,10,8,7,10,6,7,8,6,13
PID - NO -CP - 794,14820,652,3,35,4,11,7,9,6,5,4,6,3,4,5,3,7
PID - NO -CP - 795,11809,1038,9,19,1,20,13,16,11,9,8,11,6,8,9,6,13
PID - NO -CP - 796,22270,1328,7,13,18,39,26,30,22,17,15,22,13,15,17,13,26
PID - NO -CP - 797,20865,725,5,27,1,30,20,23,16,13,11,16,10,11,13,10,20
PID - NO -CP - 798,9381,1223,10,23,13,14,9,11,8,6,5,8,4,5,6,4,9
PID - NO -CP - 799,24549,928,7,13,20,26,17,20,14,11,10,14,8,10,11,8,17
PID - NO -CP - 800,14468,535,9,39,20,18,12,14,10,8,7,10,6,7,8,6,12
PID - NO -CP - 801,15407,314,1,25,10,18,12,14,10,8,7,10,6,7,8,6,12
PID - NO -CP - 802,24911,780,7,13,11,42,28,32,23,18,16,23,14,16,18,14,28
PID - NO -CP - 803,17092,775,6,32,9,16,11,13,9,7,6,9,5,6,7,5,11
PID - NO -CP - 804,22590,1350,10,50,9,29,19,22,16,13,11,16,9,11,13,9,19
PID - NO -CP - 805,10122,1243,9,11,5,17,11,13,9,7,6,9,5,6,7,5,11
PID - NO -CP - 806,11074,1318,1,20,1,6,4,5,3,2,2,3,2,2,2,2,4
PID - NO -CP - 807,24535,742,4,20,17,28,19,22,16,12,11,16,9,11,12,9,19
PID - NO -CP - 808,18049,1148,9,37,2,20,13,15,11,9,7,11,6,7,9,6,13
PID - NO -CP - 809,9910,982,4,8,13,13,9,10,7,6,5,7,4,5,6,4,9
PID - NO -CP - 810,20781,227,10,8,9,23,15,17,12,10,8,12,7,8,10,7,15
PID - NO -CP - 811,24951,882,3,43,4,27,18,21,15,12,10,15,9,10,12,9,18
PID - NO -CP - 812,16684,1275,9,44,5,33,22,25,18,14,12,18,11,12,14,11,22
PID - NO -CP - 813,13876,1190,2,21,11,10,6,7,5,4,3,5,3,3,4,3,6
PID - NO -CP - 814,9890,273,4,41,19,16,11,13,9,7,6,9,5,6,7,5,11
PID - NO -CP - 815,16098,686,6,43,3,27,18,21,15,12,10,15,9,10,12,9,18
PID - NO -CP - 816,8942,1090,2,33,12,12,8,9,6,5,4,6,4,4,5,4,8
PID - NO -CP - 817,10660,722,8,40,19,12,8,10,7,5,5,7,4,5,5,4,8
PID - NO -CP - 818,24715,1433,8,42,19,39,26,31,22,17,15,22,13,15,17,13,26
PID - NO -CP - 819,24753,1029,1,43,13,19,13,15,11,8,7,11,6,7,8,6,13
PID - NO -CP - 820,24067,1096,3,41,7,35,23,27,19,15,13,19,11,13,15,11,23
PID - NO -CP - 821,22190,385,10,39,15,37,25,29,21,16,14,21,12,14,16,12,25
PID - NO -CP - 822,5367,539,9,11,7,7,4,5,4,3,2,4,2,2,3,2,4
PID - NO -CP - 823,21746,1021,5,31,8,20,13,15,11,9,7,11,6,7,9,6,13
PID - NO -CP - 824,21307,455,6,32,5,20,13,16,11,9,8,11,6,8,9,6,13
PID - NO -CP - 825,19347,1202,4,26,14,29,19,23,16,13,11,16,9,11,13,9,19
PID - NO -CP - 826,9818,1389,10,18,4,14,9,10,7,6,5,7,4,5,6,4,9
PID - NO -CP - 827,16142,1346,2,11,10,19,12,14,10,8,7,10,6,7,8,6,12
PID - NO -CP - 828,17641,1461,8,41,20,28,19,22,16,12,11,16,9,11,12,9,19
PID - NO -CP - 829,13848,256,6,26,15,14,9,10,7,6,5,7,4,5,6,4,9
PID - NO -CP - 830,15599,1381,5,9,18,24,16,18,13,10,9,13,8,9,10,8,16
PID - NO -CP - 831,13420,663,9,6,20,15,10,11,8,6,5,8,5,5,6,5,10
PID - NO -CP - 832,13854,885,1,31,13,10,6,7,5,4,3,5,3,3,4,3,6
PID - NO -CP - 833,21359,972,5,25,8,25,16,19,14,11,9,14,8,9,11,8,16
PID - NO -CP - 834,18113,765,6,42,9,24,16,19,13,10,9,13,8,9,10,8,16
PID - NO -CP - 835,9086,1379,5,19,16,14,9,11,7,6,5,7,4,5,6,4,9
PID - NO -CP - 836,20396,1248,6,25,19,21,14,16,11,9,8,11,7,8,9,7,14
PID - NO -CP - 837,8978,905,6,14,16,14,9,11,8,6,5,8,4,5,6,4,9
PID - NO -CP - 838,24421,1385,7,27,7,25,16,19,13,11,9,13,8,9,11,8,16
PID - NO -CP - 839,5309,846,4,43,14,5,3,3,2,2,1,2,1,1,2,1,3
PID - NO -CP - 840,21497,880,8,9,14,38,25,29,21,17,14,21,12,14,17,12,25
PID - NO -CP - 841,7848,887,7,5,4,8,5,6,4,3,3,4,2,3,3,2,5
PID - NO -CP - 842,6476,307,9,17,15,7,4,5,4,3,2,4,2,2,3,2,4
PID - NO -CP - 843,14720,1451,7,25,3,14,9,10,7,6,5,7,4,5,6,4,9
PID - NO -CP - 844,5028,947,3,30,5,4,3,3,2,2,1,2,1,1,2,1,3
PID - NO -CP - 845,8452,1268,3,49,1,9,6,7,5,4,3,5,3,3,4,3,6
PID - NO -CP - 846,12833,319,8,25,3,22,15,17,12,10,8,12,7,8,10,7,15
PID - NO -CP - 847,11215,538,5,22,15,18,12,14,10,8,7,10,6,7,8,6,12
PID - NO -CP - 848,24816,761,4,41,8,39,26,30,21,17,15,21,13,15,17,13,26
PID - NO -CP - 849,15051,1088,8,49,4,28,19,22,16,12,11,16,9,11,12,9,19
PID - NO -CP - 850,6580,695,6,36,2,6,4,4,3,2,2,3,2,2,2,2,4
PID - NO -CP - 851,21027,960,2,40,10,29,19,22,16,13,11,16,9,11,13,9,19
PID - NO -CP - 852,23498,320,4,21,4,31,21,24,17,14,12,17,10,12,14,10,21
PID - NO -CP - 853,8236,726,4,39,3,9,6,7,5,4,3,5,3,3,4,3,6
PID - NO -CP - 854,8817,645,6,15,2,12,8,10,7,5,5,7,4,5,5,4,8
PID - NO -CP - 855,6811,1411,6,25,17,7,4,5,3,3,2,3,2,2,3,2,4
PID - NO -CP - 856,9348,348,1,30,20,9,6,7,5,4,3,5,3,3,4,3,6
PID - NO -CP - 857,9755,938,8,8,13,13,8,10,7,5,5,7,4,5,5,4,8
PID - NO -CP - 858,13092,586,6,38,5,21,14,16,12,9,8,12,7,8,9,7,14
PID - NO -CP - 859,6368,535,3,22,9,8,5,6,4,3,3,4,2,3,3,2,5
PID - NO -CP - 860,11812,1480,9,44,6,18,12,14,10,8,7,10,6,7,8,6,12
PID - NO -CP - 861,9842,1425,2,39,5,9,6,7,5,4,3,5,3,3,4,3,6
PID - NO -CP - 862,18604,836,8,45,10,28,18,22,15,12,11,15,9,11,12,9,18
PID - NO -CP - 863,9215,1043,10,33,8,19,12,14,10,8,7,10,6,7,8,6,12
PID - NO -CP - 864,11392,809,3,33,7,12,8,9,6,5,4,6,4,4,5,4,8
PID - NO -CP - 865,11191,366,5,42,7,10,6,8,5,4,4,5,3,4,4,3,6
PID - NO -CP - 866,10927,623,6,46,6,19,12,14,10,8,7,10,6,7,8,6,12
PID - NO -CP - 867,21761,293,10,25,20,47,31,37,26,21,18,26,15,18,21,15,31
PID - NO -CP - 868,16498,1401,6,46,3,16,11,13,9,7,6,9,5,6,7,5,11
PID - NO -CP - 869,23314,1315,4,17,19,36,24,28,20,16,14,20,12,14,16,12,24
PID - NO -CP - 870,19832,1216,3,45,15,18,12,14,10,8,7,10,6,7,8,6,12
PID - NO -CP - 871,7481,1278,4,21,4,7,4,5,4,3,2,4,2,2,3,2,4
PID - NO -CP - 872,24789,604,1,13,12,27,18,21,15,12,10,15,9,10,12,9,18
PID - NO -CP - 873,15767,1077,4,45,6,14,9,11,8,6,5,8,4,5,6,4,9
PID - NO -CP - 874,19278,1193,1,5,19,22,15,17,12,10,8,12,7,8,10,7,15
PID - NO -CP - 875,19200,898,1,6,4,10,7,8,6,4,4,6,3,4,4,3,7
PID - NO -CP - 876,14576,496,10,33,15,31,21,24,17,14,12,17,10,12,14,10,21
PID - NO -CP - 877,24762,1259,6,37,9,25,16,19,14,11,9,14,8,9,11,8,16
PID - NO -CP - 878,17926,829,5,14,5,19,12,14,10,8,7,10,6,7,8,6,12
PID - NO -CP - 879,14695,425,4,44,13,24,16,18,13,10,9,13,8,9,10,8,16
PID - NO -CP - 880,17167,1138,3,25,18,19,12,15,10,8,7,10,6,7,8,6,12
PID - NO -CP - 881,10819,908,1,32,5,9,6,7,5,4,3,5,3,3,4,3,6
PID - NO -CP - 882,24879,1244,6,15,16,41,27,32,23,18,16,23,13,16,18,13,27
PID - NO -CP - 883,8961,905,2,38,19,10,6,7,5,4,3,5,3,3,4,3,6
PID - NO -CP - 884,9273,505,8,12,14,9,6,7,5,4,3,5,3,3,4,3,6
PID - NO -CP - 885,5677,416,10,26,16,7,4,5,3,3,2,3,2,2,3,2,4
PID - NO -CP - 886,11405,1219,5,12,15,13,8,10,7,5,5,7,4,5,5,4,8
PID - NO -CP - 887,24970,604,7,19,4,30,20,24,17,13,12,17,10,12,13,10,20
PID - NO -CP - 888,6948,352,10,21,7,7,5,6,4,3,3,4,2,3,3,2,5
PID - NO -CP - 889,8437,326,2,27,16,11,7,9,6,5,4,6,3,4,5,3,7
PID - NO -CP - 890,12021,1434,8,28,8,13,8,10,7,5,5,7,4,5,5,4,8
PID - NO -CP - 891,24853,213,2,49,17,30,20,23,16,13,11,16,10,11,13,10,20
PID - NO -CP - 892,22007,258,4,23,16,20,13,15,11,8,7,11,6,7,8,6,13
PID - NO -CP - 893,8929,693,1,9,10,9,6,7,5,4,3,5,3,3,4,3,6
PID - NO -CP - 894,23135,1133,5,36,10,28,19,22,16,12,11,16,9,11,12,9,19
PID - NO -CP - 895,5261,649,9,48,2,10,6,8,5,4,4,5,3,4,4,3,6
PID - NO -CP - 896,17041,1166,1,5,9,10,6,7,5,4,3,5,3,3,4,3,6
PID - NO -CP - 897,17118,544,9,27,17,26,17,20,14,11,10,14,8,10,11,8,17
PID - NO -CP - 898,11233,843,8,41,11,17,11,13,9,7,6,9,5,6,7,5,11
PID - NO -CP - 899,22104,286,6,12,10,34,23,27,19,15,13,19,11,13,15,11,23
PID - NO -CP - 900,16666,1302,7,17,17,17,11,13,9,7,6,9,5,6,7,5,11
PID - NO -CP - 901,9152,921,3,12,4,10,6,8,5,4,4,5,3,4,4,3,6
PID - NO -CP - 902,20172,879,1,27,16,26,17,20,14,11,10,14,8,10,11,8,17
PID - NO -CP - 903,24007,525,5,47,20,45,30,35,25,20,17,25,15,17,20,15,30
PID - NO -CP - 904,8302,739,2,5,15,5,3,4,3,2,2,3,1,2,2,1,3
PID - NO -CP - 905,17683,962,5,49,5,17,11,13,9,7,6,9,5,6,7,5,11
PID - NO -CP - 906,15695,1307,8,28,6,21,14,16,12,9,8,12,7,8,9,7,14
PID - NO -CP - 907,18101,743,9,39,17,39,26,30,21,17,15,21,13,15,17,13,26
PID - NO -CP - 908,22455,372,2,28,1,15,10,12,8,6,6,8,5,6,6,5,10
PID - NO -CP - 909,24406,358,3,21,19,27,18,21,15,12,10,15,9,10,12,9,18
PID - NO -CP - 910,5493,1325,3,9,4,3,2,2,2,1,1,2,1,1,1,1,2
PID - NO -CP - 911,7615,1388,1,24,17,9,6,7,5,4,3,5,3,3,4,3,6
PID - NO -CP - 912,17006,618,8,25,9,18,12,14,10,8,7,10,6,7,8,6,12
PID - NO -CP - 913,19438,559,6,44,2,25,16,19,13,11,9,13,8,9,11,8,16
PID - NO -CP - 914,17046,1275,8,35,8,32,21,25,17,14,12,17,10,12,14,10,21
PID - NO -CP - 915,19266,467,9,50,15,42,28,33,23,19,16,23,14,16,19,14,28
PID - NO -CP - 916,9185,1229,5,40,7,8,5,6,4,3,3,4,2,3,3,2,5
PID - NO -CP - 917,10236,835,3,15,6,9,6,7,5,4,3,5,3,3,4,3,6
PID - NO -CP - 918,20062,532,5,19,1,16,10,12,9,7,6,9,5,6,7,5,10
PID - NO -CP - 919,16722,869,5,23,15,20,13,15,11,9,7,11,6,7,9,6,13
PID - NO -CP - 920,5211,848,5,11,7,4,2,3,2,1,1,2,1,1,1,1,2
PID - NO -CP - 921,24712,1255,3,32,17,28,19,22,16,12,11,16,9,11,12,9,19
PID - NO -CP - 922,12570,594,10,47,2,15,10,11,8,6,5,8,5,5,6,5,10
PID - NO -CP - 923,19589,1053,4,9,9,19,13,15,11,8,7,11,6,7,8,6,13
PID - NO -CP - 924,19603,837,9,9,9,27,18,21,15,12,10,15,9,10,12,9,18
PID - NO -CP - 925,5514,1332,10,34,13,8,5,6,4,3,3,4,2,3,3,2,5
PID - NO -CP - 926,10937,1123,9,36,6,12,8,9,7,5,4,7,4,4,5,4,8
PID - NO -CP - 927,15283,1177,2,12,6,17,11,13,9,7,6,9,5,6,7,5,11
PID - NO -CP - 928,12079,328,8,14,20,17,11,13,9,7,6,9,5,6,7,5,11
PID - NO -CP - 929,19344,1152,8,42,20,41,27,32,23,18,16,23,13,16,18,13,27
PID - NO -CP - 930,23791,1308,7,36,3,41,27,32,23,18,16,23,13,16,18,13,27
PID - NO -CP - 931,10394,898,8,32,17,11,7,9,6,5,4,6,3,4,5,3,7
PID - NO -CP - 932,19535,1440,3,21,17,16,11,12,9,7,6,9,5,6,7,5,11
PID - NO -CP - 933,14525,1110,6,35,12,25,17,20,14,11,10,14,8,10,11,8,17
PID - NO -CP - 934,14511,836,1,12,16,17,11,13,9,7,6,9,5,6,7,5,11
PID - NO -CP - 935,23538,417,7,44,15,35,23,27,19,15,13,19,11,13,15,11,23
PID - NO -CP - 936,18051,396,1,29,13,23,15,17,12,10,8,12,7,8,10,7,15
PID - NO -CP - 937,22129,853,9,13,1,22,15,17,12,10,8,12,7,8,10,7,15
PID - NO -CP - 938,23471,374,1,6,17,15,10,12,8,7,6,8,5,6,7,5,10
PID - NO -CP - 939,11002,693,1,19,3,8,5,6,4,3,3,4,2,3,3,2,5
PID - NO -CP - 940,14512,927,7,7,15,24,16,19,13,10,9,13,8,9,10,8,16
PID - NO -CP - 941,6494,1469,2,40,4,6,4,4,3,2,2,3,2,2,2,2,4
PID - NO -CP - 942,13589,1482,5,8,4,10,6,8,5,4,4,5,3,4,4,3,6
PID - NO -CP - 943,15488,689,8,18,18,29,19,22,16,13,11,16,9,11,13,9,19
PID - NO -CP - 944,15249,386,8,45,17,32,21,25,18,14,12,18,10,12,14,10,21
PID - NO -CP - 945,10366,599,3,45,19,9,6,7,5,4,3,5,3,3,4,3,6
PID - NO -CP - 946,12354,1310,7,29,11,12,8,9,7,5,4,7,4,4,5,4,8
PID - NO -CP - 947,23640,590,3,14,20,34,23,26,19,15,13,19,11,13,15,11,23
PID - NO -CP - 948,19599,1418,6,25,3,23,15,17,12,10,8,12,7,8,10,7,15
PID - NO -CP - 949,17369,1043,6,40,8,17,11,13,9,7,6,9,5,6,7,5,11
PID - NO -CP - 950,13788,1331,3,16,14,18,12,14,10,8,7,10,6,7,8,6,12
PID - NO -CP - 951,15676,285,7,31,1,26,17,20,14,11,10,14,8,10,11,8,17
PID - NO -CP - 952,15947,1140,3,44,14,14,9,11,8,6,5,8,4,5,6,4,9
PID - NO -CP - 953,8995,419,8,6,2,10,7,8,6,4,4,6,3,4,4,3,7
PID - NO -CP - 954,8655,998,10,17,4,16,10,12,8,7,6,8,5,6,7,5,10
PID - NO -CP - 955,5746,227,4,36,19,9,6,7,5,4,3,5,3,3,4,3,6
PID - NO -CP - 956,10536,911,1,35,6,7,4,5,4,3,2,4,2,2,3,2,4
PID - NO -CP - 957,9674,551,4,20,1,7,4,5,4,3,2,4,2,2,3,2,4
PID - NO -CP - 958,20002,1017,7,36,17,23,15,17,12,10,8,12,7,8,10,7,15
PID - NO -CP - 959,22563,1232,4,36,8,34,23,26,19,15,13,19,11,13,15,11,23
PID - NO -CP - 960,21942,218,6,38,19,41,27,32,23,18,16,23,13,16,18,13,27
PID - NO -CP - 961,18316,1329,9,15,1,24,16,18,13,10,9,13,8,9,10,8,16
PID - NO -CP - 962,19976,1311,1,14,5,15,10,12,8,6,6,8,5,6,6,5,10
PID - NO -CP - 963,21924,1319,5,19,16,26,17,20,14,11,10,14,8,10,11,8,17
PID - NO -CP - 964,23631,434,7,21,6,23,15,18,13,10,9,13,7,9,10,7,15
PID - NO -CP - 965,10416,1162,1,44,8,7,5,6,4,3,3,4,2,3,3,2,5
PID - NO -CP - 966,21544,850,4,22,13,32,21,24,17,14,12,17,10,12,14,10,21
PID - NO -CP - 967,16518,1372,6,13,16,27,18,21,15,12,10,15,9,10,12,9,18
PID - NO -CP - 968,18834,218,2,29,3,17,11,13,9,7,6,9,5,6,7,5,11
PID - NO -CP - 969,16929,282,10,44,19,30,20,23,16,13,11,16,10,11,13,10,20
PID - NO -CP - 970,13817,1336,5,18,12,16,10,12,9,7,6,9,5,6,7,5,10
PID - NO -CP - 971,21332,446,10,29,16,27,18,21,15,12,10,15,9,10,12,9,18
PID - NO -CP - 972,17720,1055,1,26,11,21,14,16,12,9,8,12,7,8,9,7,14
PID - NO -CP - 973,5046,1446,6,34,10,4,3,3,2,2,1,2,1,1,2,1,3
PID - NO -CP - 974,19186,1138,6,24,20,34,22,26,19,15,13,19,11,13,15,11,22
PID - NO -CP - 975,19257,1160,4,25,4,26,17,20,14,11,10,14,8,10,11,8,17
PID - NO -CP - 976,22140,765,8,48,12,45,30,35,25,20,17,25,15,17,20,15,30
PID - NO -CP - 977,23463,1190,4,36,2,25,17,20,14,11,10,14,8,10,11,8,17
PID - NO -CP - 978,24122,766,8,50,19,40,26,31,22,17,15,22,13,15,17,13,26
PID - NO -CP - 979,18737,869,8,25,5,25,16,19,14,11,9,14,8,9,11,8,16
PID - NO -CP - 980,15022,1244,5,39,8,18,12,14,10,8,7,10,6,7,8,6,12
PID - NO -CP - 981,7754,793,4,36,7,8,5,6,4,3,3,4,2,3,3,2,5
PID - NO -CP - 982,5942,567,2,34,14,6,4,4,3,2,2,3,2,2,2,2,4
PID - NO -CP - 983,18085,811,3,43,3,25,17,19,14,11,9,14,8,9,11,8,17
PID - NO -CP - 984,16554,1235,3,16,18,13,9,10,7,6,5,7,4,5,6,4,9
PID - NO -CP - 985,9617,247,4,45,16,16,11,12,9,7,6,9,5,6,7,5,11
PID - NO -CP - 986,12926,1334,4,22,19,12,8,9,6,5,4,6,4,4,5,4,8
PID - NO -CP - 987,23999,636,10,25,19,51,34,40,28,23,20,28,17,20,23,17,34
PID - NO -CP - 988,13523,845,5,17,18,21,14,16,12,9,8,12,7,8,9,7,14
PID - NO -CP - 989,20263,926,4,25,20,32,21,25,18,14,12,18,10,12,14,10,21
PID - NO -CP - 990,19977,1436,10,12,16,30,20,23,17,13,11,17,10,11,13,10,20
PID - NO -CP - 991,13265,1212,8,50,8,26,17,20,14,11,10,14,8,10,11,8,17
PID - NO -CP - 992,17193,327,6,44,1,28,18,21,15,12,10,15,9,10,12,9,18
PID - NO -CP - 993,16948,501,6,50,17,19,12,15,10,8,7,10,6,7,8,6,12
PID - NO -CP - 994,13553,538,8,11,12,23,15,18,13,10,9,13,7,9,10,7,15
PID - NO -CP - 995,23839,1362,7,27,11,42,28,33,23,18,16,23,14,16,18,14,28
PID - NO -CP - 996,6070,1332,10,48,5,12,8,10,7,5,5,7,4,5,5,4,8
PID - NO -CP - 997,11960,1499,10,36,12,25,16,19,14,11,9,14,8,9,11,8,16
PID - NO -CP - 998,12114,301,8,15,17,17,11,13,9,7,6,9,5,6,7,5,11
PID - NO -CP - 999,14519,679,2,26,6,17,11,13,9,7,6,9,5,6,7,5,11
PID - NO -CP - 1000,17835,848,9,26,1,18,12,14,10,8,7,10,6,7,8,6,12
PID - NO -CP - 1001,21277,255,1,47,5,20,13,16,11,9,8,11,6,8,9,6,13
PID - NO -CP - 1002,16897,763,8,29,14,25,16,19,14,11,9,14,8,9,11,8,16
PID - NO -CP - 1003,22742,520,4,26,5,24,16,18,13,10,9,13,8,9,10,8,16
PID - NO -CP - 1004,24325,560,4,32,1,19,13,15,11,8,7,11,6,7,8,6,13
PID - NO -CP - 1005,15480,1123,5,33,18,20,13,15,11,9,7,11,6,7,9,6,13
PID - NO -CP - 1006,7055,268,8,17,16,7,5,5,4,3,2,4,2,2,3,2,5
PID - NO -CP - 1007,11798,544,5,22,9,10,6,8,5,4,4,5,3,4,4,3,6
PID - NO -CP - 1008,14440,1133,8,6,19,26,17,20,14,11,10,14,8,10,11,8,17
PID - NO -CP - 1009,9870,1457,10,33,5,11,7,8,6,5,4,6,3,4,5,3,7
PID - NO -CP - 1010,17910,505,1,25,2,18,12,14,10,8,7,10,6,7,8,6,12
PID - NO -CP - 1011,9704,320,10,19,15,19,13,15,11,8,7,11,6,7,8,6,13
PID - NO -CP - 1012,6422,1175,9,31,7,12,8,9,7,5,4,7,4,4,5,4,8
PID - NO -CP - 1013,11116,432,6,35,4,18,12,14,10,8,7,10,6,7,8,6,12
PID - NO -CP - 1014,22442,1434,3,19,1,20,13,16,11,9,8,11,6,8,9,6,13
PID - NO -CP - 1015,20516,1129,8,27,13,23,15,18,12,10,9,12,7,9,10,7,15
PID - NO -CP - 1016,23940,1103,9,28,20,38,25,30,21,17,15,21,12,15,17,12,25
PID - NO -CP - 1017,11945,725,6,48,7,12,8,9,6,5,4,6,4,4,5,4,8
PID - NO -CP - 1018,9268,1431,7,17,15,16,10,12,9,7,6,9,5,6,7,5,10
PID - NO -CP - 1019,15670,821,1,26,14,11,7,8,6,5,4,6,3,4,5,3,7
PID - NO -CP - 1020,19626,1116,5,47,19,21,14,16,12,9,8,12,7,8,9,7,14
PID - NO -CP - 1021,21807,277,5,41,20,23,15,18,13,10,9,13,7,9,10,7,15
PID - NO -CP - 1022,11178,836,10,37,18,18,12,14,10,8,7,10,6,7,8,6,12
PID - NO -CP - 1023,23536,1050,4,7,10,18,12,14,10,8,7,10,6,7,8,6,12
PID - NO -CP - 1024,7172,436,6,23,9,11,7,8,6,4,4,6,3,4,4,3,7
PID - NO -CP - 1025,15285,635,7,27,8,26,17,20,14,11,10,14,8,10,11,8,17
PID - NO -CP - 1026,13449,1436,9,33,10,20,13,15,11,9,7,11,6,7,9,6,13
PID - NO -CP - 1027,22454,190,1,34,17,18,12,14,10,8,7,10,6,7,8,6,12
PID - NO -CP - 1028,12726,1181,6,43,2,16,10,12,8,7,6,8,5,6,7,5,10
PID - NO -CP - 1029,21067,787,7,48,6,39,26,30,21,17,15,21,13,15,17,13,26
PID - NO -CP - 1030,8385,845,3,29,5,6,4,4,3,2,2,3,2,2,2,2,4
PID - NO -CP - 1031,5515,478,8,41,9,10,6,7,5,4,3,5,3,3,4,3,6
PID - NO -CP - 1032,15681,809,5,12,5,21,14,17,12,9,8,12,7,8,9,7,14
PID - NO -CP - 1033,24710,815,9,46,18,32,21,25,17,14,12,17,10,12,14,10,21
PID - NO -CP - 1034,17456,1222,5,20,20,17,11,13,9,7,6,9,5,6,7,5,11
PID - NO -CP - 1035,17112,261,9,12,9,23,15,18,13,10,9,13,7,9,10,7,15
PID - NO -CP - 1036,14947,870,10,5,17,17,11,13,9,7,6,9,5,6,7,5,11
PID - NO -CP - 1037,7230,774,4,48,17,12,8,9,7,5,4,7,4,4,5,4,8
PID - NO -CP - 1038,22365,928,9,9,12,41,27,32,22,18,16,22,13,16,18,13,27
PID - NO -CP - 1039,18496,940,5,7,7,19,13,15,10,8,7,10,6,7,8,6,13
PID - NO -CP - 1040,24542,995,10,5,3,43,29,34,24,19,17,24,14,17,19,14,29
PID - NO -CP - 1041,6821,907,9,8,10,7,4,5,4,3,2,4,2,2,3,2,4
PID - NO -CP - 1042,10354,208,3,44,2,10,7,8,6,4,4,6,3,4,4,3,7
PID - NO -CP - 1043,9455,1187,4,39,3,7,5,6,4,3,3,4,2,3,3,2,5
PID - NO -CP - 1044,6473,546,9,36,16,13,9,10,7,6,5,7,4,5,6,4,9
PID - NO -CP - 1045,11735,916,10,46,2,14,9,11,7,6,5,7,4,5,6,4,9
PID - NO -CP - 1046,8319,390,6,38,10,14,9,11,7,6,5,7,4,5,6,4,9
PID - NO -CP - 1047,24632,1202,2,47,6,34,22,26,19,15,13,19,11,13,15,11,22
PID - NO -CP - 1048,15818,220,7,29,11,28,18,22,15,12,11,15,9,11,12,9,18
PID - NO -CP - 1049,23552,1225,2,14,7,27,18,21,15,12,10,15,9,10,12,9,18
PID - NO -CP - 1050,10282,557,2,25,15,13,9,10,7,6,5,7,4,5,6,4,9
PID - NO -CP - 1051,19401,552,1,50,6,25,17,19,14,11,9,14,8,9,11,8,17
PID - NO -CP - 1052,22141,549,3,43,20,21,14,16,12,9,8,12,7,8,9,7,14
PID - NO -CP - 1053,16063,754,6,31,9,20,13,16,11,9,8,11,6,8,9,6,13
PID - NO -CP - 1054,9803,1027,8,31,20,19,13,15,11,8,7,11,6,7,8,6,13
PID - NO -CP - 1055,22971,874,9,6,12,32,21,25,17,14,12,17,10,12,14,10,21
PID - NO -CP - 1056,16319,934,7,45,19,25,16,19,14,11,9,14,8,9,11,8,16
PID - NO -CP - 1057,21852,505,4,17,20,19,13,15,11,8,7,11,6,7,8,6,13
PID - NO -CP - 1058,6759,1093,6,13,3,7,4,5,4,3,2,4,2,2,3,2,4
PID - NO -CP - 1059,11507,207,5,40,15,19,13,15,11,8,7,11,6,7,8,6,13
PID - NO -CP - 1060,14971,910,8,26,2,19,13,15,11,8,7,11,6,7,8,6,13
PID - NO -CP - 1061,9631,1143,1,46,2,7,4,5,3,3,2,3,2,2,3,2,4
PID - NO -CP - 1062,19420,1282,1,30,3,16,11,12,9,7,6,9,5,6,7,5,11
PID - NO -CP - 1063,7832,303,6,16,6,11,7,9,6,5,4,6,3,4,5,3,7
PID - NO -CP - 1064,11750,419,10,21,15,24,16,19,13,10,9,13,8,9,10,8,16
PID - NO -CP - 1065,21248,774,2,18,10,20,13,15,11,8,7,11,6,7,8,6,13
PID - NO -CP - 1066,24907,895,5,18,9,37,25,29,20,16,14,20,12,14,16,12,25
PID - NO -CP - 1067,13694,1272,1,38,1,9,6,7,5,4,3,5,3,3,4,3,6
PID - NO -CP - 1068,24749,1009,7,24,16,45,30,35,25,20,17,25,15,17,20,15,30
PID - NO -CP - 1069,24244,1333,1,15,6,14,9,11,8,6,5,8,4,5,6,4,9
PID - NO -CP - 1070,15644,1041,4,20,9,17,11,13,9,7,6,9,5,6,7,5,11
PID - NO -CP - 1071,18372,1208,9,35,4,35,23,27,19,15,13,19,11,13,15,11,23
PID - NO -CP - 1072,13548,800,1,10,2,7,4,5,4,3,2,4,2,2,3,2,4
PID - NO -CP - 1073,22332,602,4,23,4,23,15,18,12,10,9,12,7,9,10,7,15
PID - NO -CP - 1074,12519,1209,6,41,1,15,10,12,8,6,6,8,5,6,6,5,10
PID - NO -CP - 1075,19469,1090,6,8,19,24,16,19,13,10,9,13,8,9,10,8,16
PID - NO -CP - 1076,9001,776,8,8,10,9,6,7,5,4,3,5,3,3,4,3,6
PID - NO -CP - 1077,16998,1138,1,24,15,16,10,12,9,7,6,9,5,6,7,5,10
PID - NO -CP - 1078,13816,884,7,14,19,14,9,11,8,6,5,8,4,5,6,4,9
PID - NO -CP - 1079,24755,976,1,28,16,18,12,14,10,8,7,10,6,7,8,6,12
PID - NO -CP - 1080,5306,284,7,39,4,9,6,7,5,4,3,5,3,3,4,3,6
PID - NO -CP - 1081,13607,384,3,30,2,10,6,8,5,4,4,5,3,4,4,3,6
PID - NO -CP - 1082,8434,378,8,41,13,17,11,13,9,7,6,9,5,6,7,5,11
PID - NO -CP - 1083,9676,777,3,42,1,10,6,7,5,4,3,5,3,3,4,3,6
PID - NO -CP - 1084,18084,1051,1,25,17,18,12,14,10,8,7,10,6,7,8,6,12
PID - NO -CP - 1085,15780,698,8,44,13,24,16,19,13,10,9,13,8,9,10,8,16
PID - NO -CP - 1086,9354,500,3,43,4,13,8,10,7,5,5,7,4,5,5,4,8
PID - NO -CP - 1087,16352,669,2,25,7,19,13,15,11,8,7,11,6,7,8,6,13
PID - NO -CP - 1088,14378,728,1,14,17,13,8,10,7,5,5,7,4,5,5,4,8
PID - NO -CP - 1089,23960,1193,3,42,9,27,18,21,15,12,10,15,9,10,12,9,18
PID - NO -CP - 1090,15360,893,2,50,4,12,8,9,6,5,4,6,4,4,5,4,8
PID - NO -CP - 1091,9014,1175,2,8,19,8,5,6,4,3,3,4,2,3,3,2,5
PID - NO -CP - 1092,21931,1039,6,49,1,28,18,22,15,12,11,15,9,11,12,9,18
PID - NO -CP - 1093,18352,1321,1,24,10,16,10,12,9,7,6,9,5,6,7,5,10
PID - NO -CP - 1094,14435,1017,2,21,4,12,8,10,7,5,5,7,4,5,5,4,8
PID - NO -CP - 1095,11037,1342,6,11,9,12,8,9,7,5,4,7,4,4,5,4,8
PID - NO -CP - 1096,9974,500,3,8,13,7,4,5,4,3,2,4,2,2,3,2,4
PID - NO -CP - 1097,13895,1392,4,33,14,21,14,16,12,9,8,12,7,8,9,7,14
PID - NO -CP - 1098,13074,950,1,18,10,14,9,11,8,6,5,8,4,5,6,4,9
PID - NO -CP - 1099,13231,1145,8,7,6,12,8,10,7,5,5,7,4,5,5,4,8
PID - NO -CP - 1100,6368,1012,7,28,16,8,5,6,4,3,3,4,2,3,3,2,5
PID - NO -CP - 1101,10257,1127,7,41,6,14,9,10,7,6,5,7,4,5,6,4,9
PID - NO -CP - 1102,14903,539,3,20,17,12,8,9,7,5,4,7,4,4,5,4,8
PID - NO -CP - 1103,23390,918,10,8,10,44,29,34,24,19,17,24,14,17,19,14,29
PID - NO -CP - 1104,17767,595,10,28,18,22,15,17,12,10,8,12,7,8,10,7,15
PID - NO -CP - 1105,7140,580,3,38,18,6,4,4,3,2,2,3,2,2,2,2,4
PID - NO -CP - 1106,19225,450,2,34,3,24,16,18,13,10,9,13,8,9,10,8,16
PID - NO -CP - 1107,8611,987,1,22,20,11,7,8,6,4,4,6,3,4,4,3,7
PID - NO -CP - 1108,24261,814,7,23,15,25,17,20,14,11,10,14,8,10,11,8,17
PID - NO -CP - 1109,15753,716,7,35,15,30,20,23,16,13,11,16,10,11,13,10,20
PID - NO -CP - 1110,11877,544,2,23,4,13,9,10,7,6,5,7,4,5,6,4,9
PID - NO -CP - 1111,15599,218,7,50,9,29,19,23,16,13,11,16,9,11,13,9,19
PID - NO -CP - 1112,9941,970,8,23,19,14,9,11,8,6,5,8,4,5,6,4,9
PID - NO -CP - 1113,20602,370,1,26,17,20,13,15,11,9,7,11,6,7,9,6,13
PID - NO -CP - 1114,10680,1303,9,28,11,15,10,12,8,7,6,8,5,6,7,5,10
PID - NO -CP - 1115,11694,729,7,49,9,22,15,17,12,10,8,12,7,8,10,7,15
PID - NO -CP - 1116,15607,189,3,16,10,15,10,12,8,6,6,8,5,6,6,5,10
PID - NO -CP - 1117,5567,533,8,34,18,10,7,8,5,4,4,5,3,4,4,3,7
PID - NO -CP - 1118,9611,1345,7,42,20,19,13,15,10,8,7,10,6,7,8,6,13
PID - NO -CP - 1119,14811,1371,8,35,13,29,19,22,16,13,11,16,9,11,13,9,19
PID - NO -CP - 1120,10031,1170,6,40,8,10,6,7,5,4,3,5,3,3,4,3,6
PID - NO -CP - 1121,18699,889,9,23,7,20,13,15,11,9,7,11,6,7,9,6,13
PID - NO -CP - 1122,18600,777,5,49,17,26,17,20,14,11,10,14,8,10,11,8,17
PID - NO -CP - 1123,18942,1318,3,40,15,17,11,13,9,7,6,9,5,6,7,5,11
PID - NO -CP - 1124,11689,508,3,34,20,10,7,8,6,4,4,6,3,4,4,3,7
PID - NO -CP - 1125,23848,394,1,37,15,24,16,19,13,10,9,13,8,9,10,8,16
PID - NO -CP - 1126,14726,266,8,22,1,14,9,11,8,6,5,8,4,5,6,4,9
PID - NO -CP - 1127,21120,1251,2,32,14,17,11,13,9,7,6,9,5,6,7,5,11
PID - NO -CP - 1128,18895,773,3,15,5,13,9,10,7,6,5,7,4,5,6,4,9
PID - NO -CP - 1129,9016,1311,8,49,11,13,9,10,7,6,5,7,4,5,6,4,9
PID - NO -CP - 1130,19407,1251,8,37,16,23,15,18,12,10,9,12,7,9,10,7,15
PID - NO -CP - 1131,17308,1383,4,21,2,22,15,17,12,10,8,12,7,8,10,7,15
PID - NO -CP - 1132,14814,566,4,10,8,11,7,9,6,5,4,6,3,4,5,3,7
PID - NO -CP - 1133,8903,299,5,8,11,9,6,7,5,4,3,5,3,3,4,3,6
PID - NO -CP - 1134,22511,1342,6,24,18,30,20,23,17,13,11,17,10,11,13,10,20
PID - NO -CP - 1135,22057,517,5,31,3,19,13,15,10,8,7,10,6,7,8,6,13
PID - NO -CP - 1136,11770,1337,7,19,1,18,12,14,10,8,7,10,6,7,8,6,12
PID - NO -CP - 1137,22877,832,2,10,11,27,18,21,15,12,10,15,9,10,12,9,18
PID - NO -CP - 1138,10395,1278,7,18,16,18,12,14,10,8,7,10,6,7,8,6,12
PID - NO -CP - 1139,10840,770,10,15,18,22,15,17,12,10,8,12,7,8,10,7,15
PID - NO -CP - 1140,23610,598,7,43,16,47,31,36,26,21,18,26,15,18,21,15,31
PID - NO -CP - 1141,7478,785,1,13,10,7,5,6,4,3,3,4,2,3,3,2,5
PID - NO -CP - 1142,13454,882,7,30,18,14,9,11,8,6,5,8,4,5,6,4,9
PID - NO -CP - 1143,22348,1239,5,20,6,32,21,25,18,14,12,18,10,12,14,10,21
PID - NO -CP - 1144,23717,624,3,9,19,25,16,19,14,11,9,14,8,9,11,8,16
PID - NO -CP - 1145,23185,1079,3,14,4,27,18,21,15,12,10,15,9,10,12,9,18
PID - NO -CP - 1146,6539,328,4,7,13,6,4,5,3,3,2,3,2,2,3,2,4
PID - NO -CP - 1147,13060,1494,2,17,14,12,8,9,7,5,4,7,4,4,5,4,8
PID - NO -CP - 1148,16097,1080,2,47,3,21,14,16,12,9,8,12,7,8,9,7,14
PID - NO -CP - 1149,9667,876,1,34,10,9,6,7,5,4,3,5,3,3,4,3,6
PID - NO -CP - 1150,17927,1359,5,49,6,17,11,13,9,7,6,9,5,6,7,5,11
PID - NO -CP - 1151,8633,907,4,10,1,7,5,6,4,3,3,4,2,3,3,2,5
PID - NO -CP - 1152,21041,1091,10,21,14,43,29,33,24,19,16,24,14,16,19,14,29
PID - NO -CP - 1153,11577,325,2,49,8,16,10,12,9,7,6,9,5,6,7,5,10
PID - NO -CP - 1154,24381,608,3,23,19,36,24,28,20,16,14,20,12,14,16,12,24
PID - NO -CP - 1155,11182,984,7,46,14,16,10,12,9,7,6,9,5,6,7,5,10
PID - NO -CP - 1156,21214,1075,7,39,10,23,15,18,13,10,9,13,7,9,10,7,15
PID - NO -CP - 1157,11870,592,4,50,17,20,13,16,11,9,8,11,6,8,9,6,13
PID - NO -CP - 1158,20080,193,5,30,9,32,21,24,17,14,12,17,10,12,14,10,21
PID - NO -CP - 1159,7688,1014,5,9,6,10,7,8,5,4,4,5,3,4,4,3,7
PID - NO -CP - 1160,17239,325,6,33,11,30,20,23,16,13,11,16,10,11,13,10,20
PID - NO -CP - 1161,12249,720,9,41,7,18,12,14,10,8,7,10,6,7,8,6,12
PID - NO -CP - 1162,16396,442,2,24,17,22,14,17,12,9,8,12,7,8,9,7,14
PID - NO -CP - 1163,10669,600,5,25,1,14,9,11,8,6,5,8,4,5,6,4,9
PID - NO -CP - 1164,18108,449,3,14,5,16,11,13,9,7,6,9,5,6,7,5,11
PID - NO -CP - 1165,8539,233,4,9,9,11,7,8,6,5,4,6,3,4,5,3,7
PID - NO -CP - 1166,23417,475,10,40,18,31,20,24,17,13,12,17,10,12,13,10,20
PID - NO -CP - 1167,21558,964,6,10,2,30,20,23,17,13,11,17,10,11,13,10,20
PID - NO -CP - 1168,14151,553,8,30,11,20,13,15,11,9,7,11,6,7,9,6,13
PID - NO -CP - 1169,6773,862,1,8,6,4,3,3,2,2,1,2,1,1,2,1,3
PID - NO -CP - 1170,19798,750,10,43,8,42,28,33,23,18,16,23,14,16,18,14,28
PID - NO -CP - 1171,20283,476,8,43,4,38,25,29,21,17,14,21,12,14,17,12,25
PID - NO -CP - 1172,12024,1212,7,39,18,18,12,14,10,8,7,10,6,7,8,6,12
PID - NO -CP - 1173,5452,516,1,5,11,4,2,3,2,1,1,2,1,1,1,1,2
PID - NO -CP - 1174,13567,1455,2,28,5,16,10,12,9,7,6,9,5,6,7,5,10
PID - NO -CP - 1175,12920,1368,3,40,15,11,7,9,6,5,4,6,3,4,5,3,7
PID - NO -CP - 1176,11589,1011,1,10,18,7,5,6,4,3,3,4,2,3,3,2,5
PID - NO -CP - 1177,10135,1184,9,45,2,11,7,9,6,5,4,6,3,4,5,3,7
PID - NO -CP - 1178,5556,293,8,50,11,8,5,6,4,3,3,4,2,3,3,2,5
PID - NO -CP - 1179,15725,356,2,48,13,13,9,10,7,6,5,7,4,5,6,4,9
PID - NO -CP - 1180,8264,239,9,35,4,9,6,7,5,4,3,5,3,3,4,3,6
PID - NO -CP - 1181,21190,1192,7,24,7,27,18,21,15,12,10,15,9,10,12,9,18
PID - NO -CP - 1182,24508,417,9,28,11,37,24,29,20,16,14,20,12,14,16,12,24
PID - NO -CP - 1183,24276,1465,6,29,4,38,25,30,21,17,15,21,12,15,17,12,25
PID - NO -CP - 1184,17224,1161,6,40,15,24,16,19,13,10,9,13,8,9,10,8,16
PID - NO -CP - 1185,7056,495,4,25,1,7,4,5,3,3,2,3,2,2,3,2,4
PID - NO -CP - 1186,21249,704,10,34,3,32,21,25,18,14,12,18,10,12,14,10,21
PID - NO -CP - 1187,11382,187,10,28,14,14,9,10,7,6,5,7,4,5,6,4,9
PID - NO -CP - 1188,16408,951,2,48,6,13,9,10,7,6,5,7,4,5,6,4,9
PID - NO -CP - 1189,14088,792,7,46,18,28,19,22,16,12,11,16,9,11,12,9,19
PID - NO -CP - 1190,20642,317,5,34,1,18,12,14,10,8,7,10,6,7,8,6,12
PID - NO -CP - 1191,18966,907,6,26,6,18,12,14,10,8,7,10,6,7,8,6,12
PID - NO -CP - 1192,17090,1472,2,32,6,12,8,9,7,5,4,7,4,4,5,4,8
PID - NO -CP - 1193,7650,1334,5,11,16,9,6,7,5,4,3,5,3,3,4,3,6
PID - NO -CP - 1194,5732,1005,10,39,5,11,7,9,6,5,4,6,3,4,5,3,7
PID - NO -CP - 1195,19235,1088,4,32,17,18,12,14,10,8,7,10,6,7,8,6,12
PID - NO -CP - 1196,9597,336,9,18,10,17,11,13,9,7,6,9,5,6,7,5,11
PID - NO -CP - 1197,17733,757,6,14,18,17,11,13,9,7,6,9,5,6,7,5,11
PID - NO -CP - 1198,10082,555,2,20,7,12,8,9,6,5,4,6,4,4,5,4,8
PID - NO -CP - 1199,22406,273,1,20,3,23,15,18,13,10,9,13,7,9,10,7,15
PID - NO -CP - 1200,14457,911,5,35,13,18,12,14,10,8,7,10,6,7,8,6,12
PID - NO -CP - 1201,22613,1117,9,46,15,49,32,38,27,21,19,27,16,19,21,16,32
PID - NO -CP - 1202,14487,387,6,29,20,20,13,15,11,9,7,11,6,7,9,6,13
PID - NO -CP - 1203,17359,695,10,17,19,28,18,21,15,12,10,15,9,10,12,9,18
PID - NO -CP - 1204,18032,1166,7,10,3,27,18,21,15,12,10,15,9,10,12,9,18
PID - NO -CP - 1205,13580,1139,5,48,4,16,11,13,9,7,6,9,5,6,7,5,11
PID - NO -CP - 1206,13335,1306,10,13,5,14,9,11,8,6,5,8,4,5,6,4,9
PID - NO -CP - 1207,6355,608,6,49,1,7,5,6,4,3,3,4,2,3,3,2,5
PID - NO -CP - 1208,5566,1170,5,40,4,8,5,6,4,3,3,4,2,3,3,2,5
PID - NO -CP - 1209,22087,648,9,47,12,47,31,37,26,21,18,26,15,18,21,15,31
PID - NO -CP - 1210,23847,404,6,24,10,23,15,18,12,10,9,12,7,9,10,7,15
PID - NO -CP - 1211,20530,864,8,22,20,31,20,24,17,13,12,17,10,12,13,10,20
PID - NO -CP - 1212,10678,358,2,47,13,15,10,12,8,6,6,8,5,6,6,5,10
PID - NO -CP - 1213,12689,391,9,25,14,14,9,11,8,6,5,8,4,5,6,4,9
PID - NO -CP - 1214,22596,367,5,8,5,30,20,23,17,13,11,17,10,11,13,10,20
PID - NO -CP - 1215,9753,682,7,37,4,9,6,7,5,4,3,5,3,3,4,3,6
PID - NO -CP - 1216,5179,939,10,31,14,10,6,7,5,4,3,5,3,3,4,3,6
PID - NO -CP - 1217,5395,285,1,11,10,5,3,4,3,2,2,3,1,2,2,1,3
PID - NO -CP - 1218,23468,739,10,10,17,47,31,37,26,21,18,26,15,18,21,15,31
PID - NO -CP - 1219,20952,439,5,19,10,18,12,14,10,8,7,10,6,7,8,6,12
PID - NO -CP - 1220,23388,530,10,22,7,46,30,35,25,20,17,25,15,17,20,15,30
PID - NO -CP - 1221,16897,403,2,36,16,24,16,19,13,10,9,13,8,9,10,8,16
PID - NO -CP - 1222,13922,681,6,15,1,19,13,15,11,8,7,11,6,7,8,6,13
PID - NO -CP - 1223,15635,204,1,24,17,20,13,15,11,9,7,11,6,7,9,6,13
PID - NO -CP - 1224,8224,398,3,28,9,11,7,8,6,4,4,6,3,4,4,3,7
PID - NO -CP - 1225,16447,892,5,19,6,18,12,14,10,8,7,10,6,7,8,6,12
PID - NO -CP - 1226,5558,525,4,11,19,7,5,6,4,3,3,4,2,3,3,2,5
PID - NO -CP - 1227,7485,701,3,25,13,10,6,7,5,4,3,5,3,3,4,3,6
PID - NO -CP - 1228,24306,604,10,46,3,50,33,39,28,22,19,28,16,19,22,16,33
PID - NO -CP - 1229,8929,1419,5,30,7,13,9,10,7,6,5,7,4,5,6,4,9
PID - NO -CP - 1230,17909,752,8,48,9,21,14,16,11,9,8,11,7,8,9,7,14
PID - NO -CP - 1231,23954,444,4,18,5,32,21,24,17,14,12,17,10,12,14,10,21
PID - NO -CP - 1232,21998,1123,1,41,10,21,14,16,12,9,8,12,7,8,9,7,14
PID - NO -CP - 1233,16609,1307,7,25,17,23,15,18,13,10,9,13,7,9,10,7,15
PID - NO -CP - 1234,17581,1157,8,22,12,24,16,19,13,10,9,13,8,9,10,8,16
PID - NO -CP - 1235,6357,1152,3,9,16,6,4,4,3,2,2,3,2,2,2,2,4
PID - NO -CP - 1236,24342,941,6,7,3,26,17,20,14,11,10,14,8,10,11,8,17
PID - NO -CP - 1237,16409,1068,2,27,9,21,14,16,11,9,8,11,7,8,9,7,14
PID - NO -CP - 1238,7891,1321,7,30,15,10,7,8,6,4,4,6,3,4,4,3,7
PID - NO -CP - 1239,7465,1477,8,41,5,10,6,8,5,4,4,5,3,4,4,3,6
PID - NO -CP - 1240,13163,1481,6,28,13,13,8,10,7,5,5,7,4,5,5,4,8
PID - NO -CP - 1241,15623,1458,6,23,14,15,10,12,8,7,6,8,5,6,7,5,10
PID - NO -CP - 1242,19694,413,5,29,20,34,23,26,19,15,13,19,11,13,15,11,23
PID - NO -CP - 1243,24942,710,8,25,15,48,32,37,26,21,18,26,16,18,21,16,32
PID - NO -CP - 1244,20834,697,1,16,16,19,12,15,10,8,7,10,6,7,8,6,12
PID - NO -CP - 1245,16719,588,10,45,13,21,14,16,12,9,8,12,7,8,9,7,14
PID - NO -CP - 1246,6897,751,4,37,17,11,7,8,6,5,4,6,3,4,5,3,7
PID - NO -CP - 1247,10934,1278,4,8,8,10,7,8,6,4,4,6,3,4,4,3,7
PID - NO -CP - 1248,18483,915,3,46,2,26,17,20,14,11,10,14,8,10,11,8,17
PID - NO -CP - 1249,16323,1442,3,11,5,11,7,8,6,5,4,6,3,4,5,3,7
PID - NO -CP - 1250,16600,1362,4,26,6,18,12,14,10,8,7,10,6,7,8,6,12
PID - NO -CP - 1251,14274,1481,1,37,12,18,12,14,10,8,7,10,6,7,8,6,12
PID - NO -CP - 1252,5118,443,2,21,18,5,3,3,2,2,1,2,1,1,2,1,3
PID - NO -CP - 1253,24325,1499,9,28,1,44,29,34,24,19,17,24,14,17,19,14,29
PID - NO -CP - 1254,22530,958,10,38,17,38,25,30,21,17,15,21,12,15,17,12,25
PID - NO -CP - 1255,8937,1364,2,32,11,9,6,7,5,4,3,5,3,3,4,3,6
PID - NO -CP - 1256,13575,1123,5,47,10,23,15,17,12,10,8,12,7,8,10,7,15
PID - NO -CP - 1257,20890,1333,9,45,19,35,23,27,19,15,13,19,11,13,15,11,23
PID - NO -CP - 1258,12870,1365,9,43,14,21,14,16,11,9,8,11,7,8,9,7,14
PID - NO -CP - 1259,24332,1128,8,26,10,45,30,35,25,20,17,25,15,17,20,15,30
PID - NO -CP - 1260,10861,802,1,21,15,10,6,7,5,4,3,5,3,3,4,3,6
PID - NO -CP - 1261,8315,856,1,38,19,8,5,6,4,3,3,4,2,3,3,2,5
PID - NO -CP - 1262,20253,1456,9,10,4,35,23,27,19,15,13,19,11,13,15,11,23
PID - NO -CP - 1263,18363,938,8,50,2,26,17,20,14,11,10,14,8,10,11,8,17
PID - NO -CP - 1264,7771,975,10,10,9,14,9,11,8,6,5,8,4,5,6,4,9
PID - NO -CP - 1265,19505,350,9,38,10,23,15,18,12,10,9,12,7,9,10,7,15
PID - NO -CP - 1266,16965,856,7,5,11,27,18,21,15,12,10,15,9,10,12,9,18
PID - NO -CP - 1267,10142,227,3,14,14,7,5,6,4,3,3,4,2,3,3,2,5
PID - NO -CP - 1268,15921,747,3,25,7,21,14,16,11,9,8,11,7,8,9,7,14
PID - NO -CP - 1269,18314,204,2,9,15,22,15,17,12,10,8,12,7,8,10,7,15
PID - NO -CP - 1270,11057,425,5,6,19,12,8,10,7,5,5,7,4,5,5,4,8
PID - NO -CP - 1271,5357,332,3,26,15,7,5,5,4,3,2,4,2,2,3,2,5
PID - NO -CP - 1272,9160,838,6,6,8,10,6,7,5,4,3,5,3,3,4,3,6
PID - NO -CP - 1273,15748,837,2,14,11,14,9,11,8,6,5,8,4,5,6,4,9
PID - NO -CP - 1274,19189,200,3,38,9,21,14,16,11,9,8,11,7,8,9,7,14
PID - NO -CP - 1275,20767,891,5,20,15,33,22,25,18,14,12,18,11,12,14,11,22
PID - NO -CP - 1276,7091,1120,1,43,1,8,5,6,4,3,3,4,2,3,3,2,5
PID - NO -CP - 1277,12598,844,1,26,1,13,8,10,7,5,5,7,4,5,5,4,8
PID - NO -CP - 1278,21966,1071,10,16,19,35,23,27,19,15,13,19,11,13,15,11,23
PID - NO -CP - 1279,13431,523,9,28,3,18,12,14,10,8,7,10,6,7,8,6,12
PID - NO -CP - 1280,17990,1293,7,44,10,33,22,26,18,15,13,18,11,13,15,11,22
PID - NO -CP - 1281,13270,836,1,42,8,13,8,10,7,5,5,7,4,5,5,4,8
PID - NO -CP - 1282,22749,706,8,14,15,24,16,19,13,10,9,13,8,9,10,8,16
PID - NO -CP - 1283,9206,690,3,39,10,8,5,6,4,3,3,4,2,3,3,2,5
PID - NO -CP - 1284,9628,450,8,36,1,17,11,13,9,7,6,9,5,6,7,5,11
PID - NO -CP - 1285,13627,1312,5,11,18,21,14,16,12,9,8,12,7,8,9,7,14
PID - NO -CP - 1286,24498,1410,1,25,2,26,17,20,14,11,10,14,8,10,11,8,17
PID - NO -CP - 1287,11384,1095,7,24,19,16,10,12,9,7,6,9,5,6,7,5,10
PID - NO -CP - 1288,14599,726,5,30,13,18,12,14,10,8,7,10,6,7,8,6,12
PID - NO -CP - 1289,21168,1475,6,8,1,17,11,13,9,7,6,9,5,6,7,5,11
PID - NO -CP - 1290,7331,1298,6,50,2,9,6,7,5,4,3,5,3,3,4,3,6
PID - NO -CP - 1291,24190,310,8,26,16,47,31,36,26,21,18,26,15,18,21,15,31
PID - NO -CP - 1292,11515,1054,9,19,15,17,11,13,9,7,6,9,5,6,7,5,11
PID - NO -CP - 1293,21278,205,2,44,13,24,16,18,13,10,9,13,8,9,10,8,16
PID - NO -CP - 1294,17401,729,9,25,16,20,13,16,11,9,8,11,6,8,9,6,13
PID - NO -CP - 1295,6012,375,10,19,17,7,4,5,4,3,2,4,2,2,3,2,4
PID - NO -CP - 1296,16121,846,9,26,7,18,12,14,10,8,7,10,6,7,8,6,12
PID - NO -CP - 1297,5735,880,10,32,17,9,6,7,5,4,3,5,3,3,4,3,6
PID - NO -CP - 1298,15226,758,10,18,7,22,15,17,12,10,8,12,7,8,10,7,15
PID - NO -CP - 1299,19499,362,7,31,13,35,23,27,19,15,13,19,11,13,15,11,23
PID - NO -CP - 1300,13611,1318,1,45,5,13,8,10,7,5,5,7,4,5,5,4,8
PID - NO -CP - 1301,10774,1295,7,44,17,21,14,16,11,9,8,11,7,8,9,7,14
PID - NO -CP - 1302,5442,722,10,32,3,7,5,6,4,3,3,4,2,3,3,2,5
PID - NO -CP - 1303,18337,1412,5,30,7,16,11,12,9,7,6,9,5,6,7,5,11
PID - NO -CP - 1304,19766,304,6,6,17,24,16,19,13,10,9,13,8,9,10,8,16
PID - NO -CP - 1305,11846,651,10,29,7,13,9,10,7,6,5,7,4,5,6,4,9
PID - NO -CP - 1306,9380,1264,7,7,1,8,5,6,4,3,3,4,2,3,3,2,5
PID - NO -CP - 1307,16874,588,5,12,17,26,17,20,14,11,10,14,8,10,11,8,17
PID - NO -CP - 1308,9291,696,7,48,17,10,7,8,6,4,4,6,3,4,4,3,7
PID - NO -CP - 1309,24082,307,9,37,11,37,25,29,21,16,14,21,12,14,16,12,25
PID - NO -CP - 1310,20997,572,3,46,3,30,20,23,16,13,11,16,10,11,13,10,20
PID - NO -CP - 1311,15982,848,8,39,15,18,12,14,10,8,7,10,6,7,8,6,12
PID - NO -CP - 1312,12796,682,2,10,11,8,5,6,4,3,3,4,2,3,3,2,5
PID - NO -CP - 1313,15950,209,7,43,16,23,15,18,13,10,9,13,7,9,10,7,15
PID - NO -CP - 1314,10939,862,2,27,9,14,9,10,7,6,5,7,4,5,6,4,9
PID - NO -CP - 1315,11774,432,4,29,1,9,6,7,5,4,3,5,3,3,4,3,6
PID - NO -CP - 1316,8606,1144,7,47,16,17,11,13,9,7,6,9,5,6,7,5,11
PID - NO -CP - 1317,10024,1141,3,23,9,13,9,10,7,6,5,7,4,5,6,4,9
PID - NO -CP - 1318,16809,420,2,9,19,12,8,10,7,5,5,7,4,5,5,4,8
PID - NO -CP - 1319,9251,1254,10,15,12,18,12,14,10,8,7,10,6,7,8,6,12
PID - NO -CP - 1320,9397,408,7,16,19,12,8,10,7,5,5,7,4,5,5,4,8
PID - NO -CP - 1321,7220,907,1,14,9,5,3,4,3,2,2,3,1,2,2,1,3
PID - NO -CP - 1322,5736,403,8,12,7,7,4,5,4,3,2,4,2,2,3,2,4
PID - NO -CP - 1323,13510,496,3,28,14,11,7,8,6,5,4,6,3,4,5,3,7
PID - NO -CP - 1324,15559,235,2,32,19,17,11,13,9,7,6,9,5,6,7,5,11
PID - NO -CP - 1325,24260,1240,3,45,19,23,15,18,13,10,9,13,7,9,10,7,15
PID - NO -CP - 1326,9740,783,5,40,2,8,5,6,4,3,3,4,2,3,3,2,5
PID - NO -CP - 1327,8007,771,8,41,9,9,6,7,5,4,3,5,3,3,4,3,6
PID - NO -CP - 1328,24595,991,10,25,13,51,34,40,28,22,20,28,17,20,22,17,34
PID - NO -CP - 1329,6181,1262,7,12,15,10,6,8,5,4,4,5,3,4,4,3,6
PID - NO -CP - 1330,7456,922,7,13,3,8,5,6,4,3,3,4,2,3,3,2,5
PID - NO -CP - 1331,16263,485,7,19,11,21,14,16,11,9,8,11,7,8,9,7,14
PID - NO -CP - 1332,17161,1219,8,50,14,35,23,27,19,15,13,19,11,13,15,11,23
PID - NO -CP - 1333,13243,528,1,44,8,17,11,13,9,7,6,9,5,6,7,5,11
PID - NO -CP - 1334,23004,1245,4,22,18,27,18,21,15,12,10,15,9,10,12,9,18
PID - NO -CP - 1335,16767,198,6,46,19,19,12,14,10,8,7,10,6,7,8,6,12
PID - NO -CP - 1336,6034,1062,9,24,16,9,6,7,5,4,3,5,3,3,4,3,6
PID - NO -CP - 1337,19535,983,2,10,2,11,7,9,6,5,4,6,3,4,5,3,7
PID - NO -CP - 1338,18575,1116,1,16,8,15,10,12,8,6,6,8,5,6,6,5,10
PID - NO -CP - 1339,18865,1419,10,6,6,20,13,15,11,9,7,11,6,7,9,6,13
PID - NO -CP - 1340,16328,890,2,11,12,14,9,11,8,6,5,8,4,5,6,4,9
PID - NO -CP - 1341,7609,1338,7,20,15,13,9,10,7,6,5,7,4,5,6,4,9
PID - NO -CP - 1342,20272,342,3,7,8,14,9,11,8,6,5,8,4,5,6,4,9
PID - NO -CP - 1343,17854,1270,10,49,4,22,14,17,12,9,8,12,7,8,9,7,14
PID - NO -CP - 1344,5741,1225,2,7,15,6,4,5,3,3,2,3,2,2,3,2,4
PID - NO -CP - 1345,12000,652,7,31,20,23,15,18,13,10,9,13,7,9,10,7,15
PID - NO -CP - 1346,12793,223,2,47,17,19,12,15,10,8,7,10,6,7,8,6,12
PID - NO -CP - 1347,6495,1157,3,44,13,5,3,4,3,2,2,3,1,2,2,1,3
PID - NO -CP - 1348,5690,882,7,42,18,8,5,6,4,3,3,4,2,3,3,2,5
PID - NO -CP - 1349,23076,615,4,37,2,19,12,15,10,8,7,10,6,7,8,6,12
PID - NO -CP - 1350,13816,928,1,32,13,10,6,7,5,4,3,5,3,3,4,3,6
PID - NO -CP - 1351,12731,1477,5,5,13,10,7,8,5,4,4,5,3,4,4,3,7
PID - NO -CP - 1352,22895,1279,9,12,15,44,29,34,24,19,17,24,14,17,19,14,29
PID - NO -CP - 1353,21547,678,8,41,20,45,30,35,25,20,17,25,15,17,20,15,30
PID - NO -CP - 1354,12947,227,9,36,10,19,13,15,11,8,7,11,6,7,8,6,13
PID - NO -CP - 1355,17819,566,10,47,3,28,19,22,15,12,11,15,9,11,12,9,19
PID - NO -CP - 1356,6393,731,9,41,19,7,5,6,4,3,3,4,2,3,3,2,5
PID - NO -CP - 1357,24050,420,7,8,3,21,14,16,12,9,8,12,7,8,9,7,14
PID - NO -CP - 1358,6607,305,4,34,14,10,6,7,5,4,3,5,3,3,4,3,6
PID - NO -CP - 1359,24388,469,5,10,8,26,17,20,14,11,10,14,8,10,11,8,17
PID - NO -CP - 1360,15822,1161,1,50,4,11,7,9,6,5,4,6,3,4,5,3,7
PID - NO -CP - 1361,13855,214,1,23,20,18,12,14,10,8,7,10,6,7,8,6,12
PID - NO -CP - 1362,16176,275,3,36,11,23,15,18,13,10,9,13,7,9,10,7,15
PID - NO -CP - 1363,8566,466,8,13,11,8,5,6,4,3,3,4,2,3,3,2,5
PID - NO -CP - 1364,6137,809,2,16,11,4,2,3,2,1,1,2,1,1,1,1,2
PID - NO -CP - 1365,9027,1204,4,15,2,6,4,5,3,2,2,3,2,2,2,2,4
PID - NO -CP - 1366,7373,1499,2,50,17,6,4,5,3,2,2,3,2,2,2,2,4
PID - NO -CP - 1367,5538,1236,5,20,9,4,3,3,2,2,1,2,1,1,2,1,3
PID - NO -CP - 1368,23412,1124,9,5,2,30,20,23,16,13,11,16,10,11,13,10,20
PID - NO -CP - 1369,19013,465,1,49,15,16,10,12,9,7,6,9,5,6,7,5,10
PID - NO -CP - 1370,15302,256,5,25,16,19,12,15,10,8,7,10,6,7,8,6,12
PID - NO -CP - 1371,5831,765,9,34,4,10,7,8,6,4,4,6,3,4,4,3,7
PID - NO -CP - 1372,10160,413,1,17,8,8,5,6,4,3,3,4,2,3,3,2,5
PID - NO -CP - 1373,16537,1162,9,38,9,25,17,20,14,11,10,14,8,10,11,8,17
PID - NO -CP - 1374,12677,1421,8,8,5,15,10,12,8,6,6,8,5,6,6,5,10
PID - NO -CP - 1375,23722,265,4,32,16,22,15,17,12,10,8,12,7,8,10,7,15
PID - NO -CP - 1376,21513,615,10,42,13,47,31,36,26,21,18,26,15,18,21,15,31
PID - NO -CP - 1377,17212,1161,5,35,7,16,10,12,9,7,6,9,5,6,7,5,10
PID - NO -CP - 1378,6434,1214,5,31,20,11,7,8,6,5,4,6,3,4,5,3,7
PID - NO -CP - 1379,11434,1255,6,9,17,10,7,8,6,4,4,6,3,4,4,3,7
PID - NO -CP - 1380,16554,195,7,29,3,16,10,12,9,7,6,9,5,6,7,5,10
PID - NO -CP - 1381,19195,279,8,7,5,23,15,18,13,10,9,13,7,9,10,7,15
PID - NO -CP - 1382,6065,896,8,37,19,7,4,5,4,3,2,4,2,2,3,2,4
PID - NO -CP - 1383,19939,1010,2,8,12,23,15,18,13,10,9,13,7,9,10,7,15
PID - NO -CP - 1384,5114,1352,9,29,7,5,3,4,3,2,2,3,1,2,2,1,3
PID - NO -CP - 1385,15658,1417,7,24,9,20,13,16,11,9,8,11,6,8,9,6,13
PID - NO -CP - 1386,12357,321,4,38,6,14,9,10,7,6,5,7,4,5,6,4,9
PID - NO -CP - 1387,24950,621,4,30,17,23,15,18,13,10,9,13,7,9,10,7,15
PID - NO -CP - 1388,16586,380,8,9,16,23,15,17,12,10,8,12,7,8,10,7,15
PID - NO -CP - 1389,8155,370,4,39,3,9,6,7,5,4,3,5,3,3,4,3,6
PID - NO -CP - 1390,8235,989,6,32,4,7,5,6,4,3,3,4,2,3,3,2,5
PID - NO -CP - 1391,9350,304,5,33,10,15,10,11,8,6,5,8,5,5,6,5,10
PID - NO -CP - 1392,19399,220,3,13,5,18,12,14,10,8,7,10,6,7,8,6,12
PID - NO -CP - 1393,10097,499,10,42,10,16,11,13,9,7,6,9,5,6,7,5,11
PID - NO -CP - 1394,10339,778,2,10,12,9,6,7,5,4,3,5,3,3,4,3,6
PID - NO -CP - 1395,24382,852,9,23,10,35,23,27,19,15,13,19,11,13,15,11,23
PID - NO -CP - 1396,22936,972,10,48,13,39,26,30,22,17,15,22,13,15,17,13,26
PID - NO -CP - 1397,17289,1281,9,15,11,19,12,14,10,8,7,10,6,7,8,6,12
PID - NO -CP - 1398,16593,774,1,6,16,14,9,11,8,6,5,8,4,5,6,4,9
PID - NO -CP - 1399,14662,1444,10,48,8,24,16,18,13,10,9,13,8,9,10,8,16
PID - NO -CP - 1400,11762,1419,3,48,8,13,9,10,7,6,5,7,4,5,6,4,9
PID - NO -CP - 1401,20276,401,8,13,8,34,23,27,19,15,13,19,11,13,15,11,23
PID - NO -CP - 1402,13506,188,6,25,13,13,8,10,7,5,5,7,4,5,5,4,8
PID - NO -CP - 1403,8457,1006,5,28,2,7,4,5,4,3,2,4,2,2,3,2,4
PID - NO -CP - 1404,10983,573,5,38,12,10,7,8,6,4,4,6,3,4,4,3,7
PID - NO -CP - 1405,18925,1334,6,26,10,31,21,24,17,14,12,17,10,12,14,10,21
PID - NO -CP - 1406,5915,982,7,7,12,7,4,5,3,3,2,3,2,2,3,2,4
PID - NO -CP - 1407,14743,453,1,16,11,12,8,9,7,5,4,7,4,4,5,4,8
PID - NO -CP - 1408,24896,534,9,32,15,52,34,40,28,23,20,28,17,20,23,17,34
PID - NO -CP - 1409,11183,231,3,34,16,12,8,9,7,5,4,7,4,4,5,4,8
PID - NO -CP - 1410,6100,872,4,30,17,9,6,7,5,4,3,5,3,3,4,3,6
PID - NO -CP - 1411,22006,1114,10,25,2,32,21,25,18,14,12,18,10,12,14,10,21
PID - NO -CP - 1412,21994,880,1,32,18,17,11,13,9,7,6,9,5,6,7,5,11
PID - NO -CP - 1413,11635,659,10,30,12,18,12,14,10,8,7,10,6,7,8,6,12
PID - NO -CP - 1414,8790,661,3,37,19,13,9,10,7,6,5,7,4,5,6,4,9
PID - NO -CP - 1415,23476,768,2,25,18,19,12,14,10,8,7,10,6,7,8,6,12
PID - NO -CP - 1416,7707,1249,2,39,17,8,5,6,4,3,3,4,2,3,3,2,5
PID - NO -CP - 1417,11575,593,1,38,6,13,9,10,7,6,5,7,4,5,6,4,9
PID - NO -CP - 1418,18059,268,8,45,15,22,14,17,12,9,8,12,7,8,9,7,14
PID - NO -CP - 1419,8675,791,3,22,3,6,4,4,3,2,2,3,2,2,2,2,4
PID - NO -CP - 1420,20164,615,3,15,6,19,12,14,10,8,7,10,6,7,8,6,12
PID - NO -CP - 1421,10870,271,6,27,3,13,8,10,7,5,5,7,4,5,5,4,8
PID - NO -CP - 1422,17728,904,8,26,1,30,20,23,17,13,11,17,10,11,13,10,20
PID - NO -CP - 1423,23962,238,9,21,13,27,18,21,15,12,10,15,9,10,12,9,18
PID - NO -CP - 1424,10456,1330,9,9,14,19,13,15,11,8,7,11,6,7,8,6,13
PID - NO -CP - 1425,15877,859,4,48,13,26,17,20,14,11,10,14,8,10,11,8,17
PID - NO -CP - 1426,5368,917,5,15,4,5,3,4,3,2,2,3,1,2,2,1,3
PID - NO -CP - 1427,19553,1474,2,34,7,14,9,11,8,6,5,8,4,5,6,4,9
PID - NO -CP - 1428,22408,937,9,19,10,32,21,25,18,14,12,18,10,12,14,10,21
PID - NO -CP - 1429,10941,270,8,31,7,11,7,9,6,5,4,6,3,4,5,3,7
PID - NO -CP - 1430,24702,492,3,39,15,22,15,17,12,10,8,12,7,8,10,7,15
PID - NO -CP - 1431,20518,1097,9,37,15,25,17,19,14,11,9,14,8,9,11,8,17
PID - NO -CP - 1432,20237,620,3,24,4,25,17,20,14,11,10,14,8,10,11,8,17
PID - NO -CP - 1433,20539,423,9,20,6,37,25,29,21,16,14,21,12,14,16,12,25
PID - NO -CP - 1434,10598,1415,2,38,20,12,8,9,6,5,4,6,4,4,5,4,8
PID - NO -CP - 1435,10904,1125,10,6,5,19,13,15,11,8,7,11,6,7,8,6,13
PID - NO -CP - 1436,23069,425,9,39,20,50,33,39,28,22,19,28,16,19,22,16,33
PID - NO -CP - 1437,19906,690,8,44,12,40,26,31,22,17,15,22,13,15,17,13,26
PID - NO -CP - 1438,16838,556,9,32,1,18,12,14,10,8,7,10,6,7,8,6,12
PID - NO -CP - 1439,7709,864,5,43,8,9,6,7,5,4,3,5,3,3,4,3,6
PID - NO -CP - 1440,20397,314,2,10,1,16,10,12,8,7,6,8,5,6,7,5,10
PID - NO -CP - 1441,16239,1416,8,13,5,20,13,16,11,9,8,11,6,8,9,6,13
PID - NO -CP - 1442,21752,993,6,24,6,34,23,27,19,15,13,19,11,13,15,11,23
PID - NO -CP - 1443,22684,757,8,5,3,21,14,16,11,9,8,11,7,8,9,7,14
PID - NO -CP - 1444,16310,290,5,12,15,19,12,14,10,8,7,10,6,7,8,6,12
PID - NO -CP - 1445,6913,1053,10,27,5,10,6,7,5,4,3,5,3,3,4,3,6
PID - NO -CP - 1446,12380,669,2,7,14,8,5,6,4,3,3,4,2,3,3,2,5
PID - NO -CP - 1447,9204,1423,6,8,18,15,10,11,8,6,5,8,5,5,6,5,10
PID - NO -CP - 1448,16930,405,5,29,16,28,19,22,15,12,11,15,9,11,12,9,19
PID - NO -CP - 1449,19798,560,5,42,6,19,12,14,10,8,7,10,6,7,8,6,12
PID - NO -CP - 1450,6398,1136,1,19,14,7,4,5,4,3,2,4,2,2,3,2,4
PID - NO -CP - 1451,15483,741,2,25,8,19,12,14,10,8,7,10,6,7,8,6,12
PID - NO -CP - 1452,15840,1068,8,39,7,17,11,13,9,7,6,9,5,6,7,5,11
PID - NO -CP - 1453,21577,184,3,50,8,19,12,14,10,8,7,10,6,7,8,6,12
PID - NO -CP - 1454,14434,192,10,18,13,22,15,17,12,10,8,12,7,8,10,7,15
PID - NO -CP - 1455,23387,1426,3,40,6,33,22,26,18,14,13,18,11,13,14,11,22
PID - NO -CP - 1456,22092,1414,8,16,18,42,28,32,23,18,16,23,14,16,18,14,28
PID - NO -CP - 1457,17765,304,8,21,2,23,15,17,12,10,8,12,7,8,10,7,15
PID - NO -CP - 1458,9707,800,2,43,8,13,9,10,7,6,5,7,4,5,6,4,9
PID - NO -CP - 1459,20312,929,8,13,11,21,14,16,11,9,8,11,7,8,9,7,14
PID - NO -CP - 1460,11365,1480,1,39,1,9,6,7,5,4,3,5,3,3,4,3,6
PID - NO -CP - 1461,20898,329,6,17,6,19,12,14,10,8,7,10,6,7,8,6,12
PID - NO -CP - 1462,19404,1146,8,19,16,36,24,28,20,16,14,20,12,14,16,12,24
PID - NO -CP - 1463,7060,561,3,22,20,5,3,4,3,2,2,3,1,2,2,1,3
PID - NO -CP - 1464,24896,925,8,37,12,28,19,22,16,12,11,16,9,11,12,9,19
PID - NO -CP - 1465,5610,549,1,10,11,4,3,3,2,2,1,2,1,1,2,1,3
PID - NO -CP - 1466,7251,1489,9,31,10,10,7,8,6,4,4,6,3,4,4,3,7
PID - NO -CP - 1467,14511,401,9,27,3,27,18,21,15,12,10,15,9,10,12,9,18
PID - NO -CP - 1468,5386,217,5,31,13,6,4,5,3,2,2,3,2,2,2,2,4
PID - NO -CP - 1469,18558,398,10,38,3,28,19,22,16,12,11,16,9,11,12,9,19
PID - NO -CP - 1470,13723,1051,4,50,15,18,12,14,10,8,7,10,6,7,8,6,12
PID - NO -CP - 1471,9528,1087,6,42,16,17,11,13,9,7,6,9,5,6,7,5,11
PID - NO -CP - 1472,5966,313,7,18,13,9,6,7,5,4,3,5,3,3,4,3,6
PID - NO -CP - 1473,9441,1192,5,40,17,12,8,9,7,5,4,7,4,4,5,4,8
PID - NO -CP - 1474,5821,1325,10,12,3,10,6,7,5,4,3,5,3,3,4,3,6
PID - NO -CP - 1475,21670,855,9,39,20,48,32,37,26,21,18,26,16,18,21,16,32
PID - NO -CP - 1476,8616,483,3,23,11,6,4,5,3,3,2,3,2,2,3,2,4
PID - NO -CP - 1477,8667,1086,7,34,19,9,6,7,5,4,3,5,3,3,4,3,6
PID - NO -CP - 1478,10168,333,10,18,11,15,10,12,8,6,6,8,5,6,6,5,10
PID - NO -CP - 1479,8419,619,10,24,16,18,12,14,10,8,7,10,6,7,8,6,12
PID - NO -CP - 1480,20230,1343,5,29,3,23,15,17,12,10,8,12,7,8,10,7,15
PID - NO -CP - 1481,22818,480,7,44,6,32,21,25,18,14,12,18,10,12,14,10,21
PID - NO -CP - 1482,8017,426,2,28,14,10,7,8,6,4,4,6,3,4,4,3,7
PID - NO -CP - 1483,6342,595,4,18,18,7,4,5,3,3,2,3,2,2,3,2,4
PID - NO -CP - 1484,18269,476,2,30,17,19,13,15,11,8,7,11,6,7,8,6,13
PID - NO -CP - 1485,23730,259,7,42,4,25,16,19,14,11,9,14,8,9,11,8,16
PID - NO -CP - 1486,21212,431,2,27,15,17,11,13,9,7,6,9,5,6,7,5,11
PID - NO -CP - 1487,6826,1357,1,26,11,4,3,3,2,2,1,2,1,1,2,1,3
PID - NO -CP - 1488,23771,754,9,23,3,43,29,33,24,19,16,24,14,16,19,14,29
PID - NO -CP - 1489,20766,948,1,50,3,19,13,15,11,8,7,11,6,7,8,6,13
PID - NO -CP - 1490,20555,928,8,7,16,28,18,22,15,12,11,15,9,11,12,9,18
PID - NO -CP - 1491,13976,821,2,46,5,10,7,8,6,4,4,6,3,4,4,3,7
PID - NO -CP - 1492,6203,690,8,23,10,6,4,5,3,2,2,3,2,2,2,2,4
PID - NO -CP - 1493,18704,1153,3,13,19,15,10,12,8,6,6,8,5,6,6,5,10
PID - NO -CP - 1494,14962,915,6,32,4,24,16,18,13,10,9,13,8,9,10,8,16
PID - NO -CP - 1495,5780,422,3,24,19,8,5,6,4,3,3,4,2,3,3,2,5
PID - NO -CP - 1496,13869,1336,7,49,11,26,17,20,14,11,10,14,8,10,11,8,17
PID - NO -CP - 1497,24842,688,10,11,2,26,17,20,14,11,10,14,8,10,11,8,17
PID - NO -CP - 1498,9348,692,9,18,10,13,8,10,7,5,5,7,4,5,5,4,8
PID - NO -CP - 1499,18583,250,2,13,11,22,15,17,12,10,8,12,7,8,10,7,15
PID - NO -CP - 1500,19328,410,5,23,20,19,12,15,10,8,7,10,6,7,8,6,12
